36.71506530743163,41.0344847553648,-1.0,-8.357032698331351e-11
36.71272531480615,41.034484755364815,-1.0,0.0
36.70496243059314,41.034484755364815,-1.0,0.0
36.690067953776975,41.034484755364744,-1.0,0.0
36.67482740217005,41.0344847553648,-1.0,0.0
36.65544280466652,41.03448475536486,-1.0,0.0
36.62869644837295,41.03448475536486,-1.0,-3.306000568942075e-12
36.588001709558554,41.03448475536483,-1.0,0.0
36.52635543190962,41.03448475536483,-1.0,1.4633240790599903e-12
36.4377936638259,41.034484755364815,-1.0,-5.280839978658635e-13
36.316935859121756,41.03448475536476,-1.0,-3.9493937634992486e-13
36.15785601645095,41.03448475536473,-1.0,0.0
35.95638080204807,41.03448475536473,-1.0,0.0
35.71172648429723,41.03448475536473,-1.0,0.0
35.4244772175239,41.03448475536473,-1.0,0.0
35.094638295661284,41.0344886209506,-0.9999998015465382,0.0006300054634394297
34.72101072435272,41.03583515021842,-0.9999519095590241,0.00980706731195985
34.30269858046347,41.041535544206454,-0.9998124526168923,0.019366455333760076
33.84175300540687,41.05193734711739,-0.9996201019924978,0.027561779559894403
33.3464506107625,41.067040558951234,-0.9993819161541843,0.035153743242945214
32.82413839942609,41.08684517970801,-0.9991052344301686,0.0422933864125104
32.279168937241735,41.111857270957344,-0.9985685650594074,0.0534866420258011
31.717339368347865,41.14454420462141,-0.9979579328560733,0.06387459784322086
31.144373157292776,41.18276876168767,-0.9974662990369506,0.07114058114415893
30.565843285701916,41.22569472767688,-0.9968948696200725,0.07874400882085432
29.983816918416238,41.27332210258898,-0.9962787982104134,0.08618907260444514
29.398180202201033,41.325650886424,-0.9955911976621902,0.09379854549813561
28.8119141944957,41.3825065732008,-0.9950198384681106,0.09967708390043849
28.22779390625928,41.440582933910264,-0.9953969701428814,0.09583773698482123
27.648266435703277,41.4948255036895,-0.9960517317296338,0.0887747020180727
27.074672756101563,41.54436666454579,-0.9966861315778766,0.08134343931951614
26.504327698484715,41.58920641647917,-0.9973045444178166,0.07337333087417534
25.935519057217505,41.629344759489626,-0.9978553111028994,0.06545821647231032
25.369278251252766,41.66460718759603,-0.9984874583397134,0.054979955786622486
24.80183703616288,41.692597560251315,-0.9991492298559074,0.0412409563219276
24.229633035781347,41.714328996196826,-0.9994689630743904,0.032585147705711484
23.650898891315364,41.73134599397487,-0.9997088723428637,0.024128210852857806
23.065048633967038,41.74366158283,-0.9998736153528803,0.015898217546639632
22.472976391938587,41.75127576276222,-0.9999692811317105,0.007838162599108951
21.87336277927635,41.75422276791562,-0.9999996070491383,0.000886510896256629
21.267838295909527,41.754387996686944,-1.0,0.0
20.656872336616402,41.754387996686944,-1.0,0.0
20.036169385627687,41.754387996686944,-1.0,0.0
19.405252917072573,41.754387996686944,-1.0,0.0
18.76339376009399,41.754387996686944,-1.0,0.0
18.107926971392686,41.754387996686944,-1.0,0.0
17.439692275820647,41.754387996686944,-1.0,0.0
16.760593218387115,41.754387996686944,-1.0,0.0
16.075479215196097,41.754387996686944,-1.0,0.0
15.386857114403114,41.754387996686944,-1.0,0.0
14.695556507498651,41.75435017779236,-0.9999991956845504,-0.0012683178830013753
13.999230711284625,41.7517185406066,-0.9999686096513689,-0.007923364935951846
13.292347945713189,41.744258815934344,-0.999872768661071,-0.015951378938650087
12.575267141084694,41.72948399869169,-0.9995926627726248,-0.02853959584740841
11.851332605446814,41.705348005273734,-0.9991368852151875,-0.04153895283337244
11.121568821586749,41.67048946544725,-0.9982439147710571,-0.05923754402871971
10.384956847497818,41.6206698785938,-0.9966051645898859,-0.08232949600699964
9.644063264634028,41.55216526711456,-0.9939030420829675,-0.11025762077164018
8.907972546874902,41.460201553318186,-0.9888805939472786,-0.14871170402654152
8.180571854534918,41.339134358569325,-0.9818100279796843,-0.189865923637001
7.457347559077803,41.18707736469243,-0.9724527829426147,-0.23309994626160682
6.734598159980493,40.99998648204314,-0.9599704826556648,-0.28010118248563326
6.013445750522379,40.77395280294746,-0.9434146088350723,-0.3316155542741736
5.301119316919184,40.506929871576574,-0.9238631515346257,-0.3827229771473213
4.603265978704783,40.201402513830985,-0.902819828999199,-0.4300190186094764
3.9170292980168853,39.859682475118674,-0.881287310187455,-0.47258086810889904
3.243288261073232,39.47963931955313,-0.8517610155160972,-0.5239305034515427
2.585378353476358,39.053307140827954,-0.8179964490923013,-0.575223269063749
1.9466259640864365,38.58265621750208,-0.7826389050584225,-0.6224759788850922
1.3317070621074834,38.071546244932435,-0.7466475269489454,-0.6652198662855942
0.7375266152574227,37.52183366232191,-0.7133920571416735,-0.7007651338409834
0.16618676021346346,36.94000126086506,-0.6782523128468889,-0.7348290958568843
-0.3745521695539793,36.3314083178613,-0.6399776488234479,-0.7683935248337349
-0.8751867294082132,35.70530153919718,-0.5969660099681362,-0.8022665286192133
-1.3304686167559225,35.06576931008982,-0.5522517629072421,-0.8336773898612361
36.199270364411845,5.498336533024755,-0.5665660143378917,-0.8240163538409151
35.925451381678826,5.121192252989744,-0.6205662625741031,-0.7841540115020833
35.63008094702154,4.764774306563879,-0.6650637442527196,-0.7467865933990466
35.31740191937891,4.427340578747021,-0.7033137418046151,-0.7108795823406318
34.98743322584319,4.106760897245621,-0.7400489730114679,-0.672552984934772
34.64101400455209,3.804383880373706,-0.7742253453215514,-0.6329100367838423
34.28172388083627,3.520940804157277,-0.801758315401413,-0.5976483946976586
33.91390775006184,3.255218789708323,-0.8248311648532696,-0.5653791201369205
33.536687963825386,3.0049143449942477,-0.8469906748690755,-0.531607747013555
33.14592210240596,2.7678854674755087,-0.867615204973061,-0.4972362176064343
32.74236387160683,2.544344729088138,-0.886227402207886,-0.46325046311456824
32.32906720449543,2.335846361202414,-0.9032100951967009,-0.42919869982884007
31.9088061169397,2.1430354076003653,-0.9176807555430913,-0.39731855092087176
31.48379050317334,1.9646894523302336,-0.9287847415934741,-0.37061962142221155
31.05530498656698,1.7986687320415342,-0.9384101159020422,-0.3455234498159507
30.623172802272208,1.6443123651248612,-0.9467018867753065,-0.32211106403859313
30.18520696370925,1.4985580101675566,-0.951455574301812,-0.30778611100894243
29.7409074078317,1.3560955193196804,-0.95347646353197,-0.3014674667199895
29.28645604145271,1.2139913178532566,-0.956158310007891,-0.2928502794993611
28.81610316778537,1.0724523877120902,-0.9603151595088122,-0.2789171820049177
28.32950855373217,0.9349909137448336,-0.9657435267887087,-0.2594984401989862
27.830827924954107,0.8056250380409296,-0.9716862229243517,-0.23627501810180254
27.31600677337795,0.6857378877306672,-0.977510470026599,-0.2108868914569553
26.782528474886092,0.5760567720753542,-0.9824181079348082,-0.18669403097526086
26.2323776864269,0.4756111312255058,-0.9855735121422602,-0.1692479015041844
25.671206642093196,0.3820846571182699,-0.9875482879649572,-0.15731617506627263
25.101107631296557,0.2930950131982897,-0.9887239793990616,-0.14974943259085782
24.523719365099424,0.20710460733587155,-0.9896854923821109,-0.143257202849904
23.950004465541227,0.12596314561560717,-0.9911642891514484,-0.1326399333191327
23.375306353917296,0.05272319361489508,-0.9932614282458093,-0.11589536297494753
22.797059804007674,-0.011181152483324297,-0.9949994418116236,-0.09988048255068369
22.21947698040752,-0.06566164275684372,-0.9964669547344167,-0.08398576142607683
21.64320900275669,-0.11085753825448563,-0.9976253608398142,-0.06887408372697626
21.06723734366554,-0.14798175056905194,-0.9983229240776463,-0.05789075281129126
20.49138582458488,-0.17978464432300711,-0.9986596961409036,-0.051757234313267356
19.91705114322525,-0.2093737105707305,-0.9986658694489516,-0.05163798212333101
19.35164927617805,-0.2384711985954837,-0.9987647244575641,-0.049689286362416
18.791333451263185,-0.2646891157151856,-0.9991951235081623,-0.04011365300628069
18.231526591395394,-0.2839822834537884,-0.9997062340099868,-0.024237278757513775
17.66525982136585,-0.29410415386539057,-0.9999729901738053,-0.0073497566530286215
17.075035309109865,-0.2938547371802258,-0.999897590783716,0.01431111263740414
16.459132220247767,-0.2798452192396752,-0.9993376090708398,0.036391525065287963
15.825374061076246,-0.2518286946094932,-0.9984358364173624,0.05590957482901742
15.170781681679372,-0.21166770960231673,-0.9976726489987029,0.06818566887484995
14.488659020596785,-0.16338777038897234,-0.9972940422778979,0.07351593865965773
13.773246359107972,-0.10987266155594,-0.9970786281001902,0.07638199647719635
13.030160226268507,-0.052027684742618874,-0.996937172699133,0.0782066089960382
12.275269358672048,0.006739926793876805,-0.9970971807884439,0.07613942516027583
11.494543519973817,0.06541031825121024,-0.9973776845849092,0.072372330983915
10.684075814138438,0.12219724357093042,-0.9978604017711679,0.06538056727410389
9.850708047618255,0.17463404940435368,-0.9982646436356176,0.05888719102702546
9.011192924731162,0.22236944631484334,-0.9985838476017649,0.05320055741113166
8.172421444928403,0.26503180807237925,-0.9989861127910952,0.04501940082383407
7.335495722992604,0.2992139867072723,-0.9994268279285706,0.033852852415049456
6.503957938534683,0.32401291168168456,-0.9997277931025089,0.02333108866699136
5.687313862668674,0.34059742587555775,-0.9998711259585172,0.01605401739275802
4.894147938135944,0.35172886902356737,-0.9999440812557547,0.010575176669192735
4.133377540713397,0.3581566386703656,-0.9999887053119677,0.004752814797007914
3.416861935533987,0.3599514402452968,-0.9999999999826663,-5.88789924851169e-06
2.7466213111242155,0.35992888788958766,-0.9999999920047394,-0.00012645363253153142
2.1352401644723926,0.3597690244741969,-0.9999998191062448,-0.0006014877203705438
1.592646297707958,0.3592462045697076,-0.9999983914814508,-0.0017936093530109074
1.1183856247183286,0.3580325723959348,-0.9999911182607742,-0.004214664822521523
0.7037220954768202,0.35570688028493436,-0.9999633366220738,-0.008563025846584013
0.34722612391051655,0.3517633071440329,-0.9998643296935791,-0.016471861048759272
0.055205711774050314,0.3456309411838845,-0.999519566045829,-0.030994146085310748
-0.17266893982463216,0.33674850906963627,-0.9984058378741141,-0.056442740001600454
-0.34356147161081196,0.32460809516933864,-0.9944571578776921,-0.10514257532428511
-0.4593054713617164,0.308877959426745,-0.9791147719828491,-0.20330829615382967
-0.5244971270940937,0.2905016874792352,-0.8662559311381329,-0.4996005021694898
-0.5452640200083749,0.26894312282882993,0.033275290942876436,-0.9994462241724998
-0.5336021470317434,0.2432867962955072,0.7033213289089617,-0.7108720759051743
-0.49654202684004645,0.2128919732731731,0.8392916389375115,-0.5436814736677956
-0.4355443342126222,0.17739429415114927,0.8928893990115386,-0.4502760499213938
-0.3569959554903761,0.1385357212291538,0.8850648454244474,-0.4654677425921146
-0.27091895221127515,0.09615663243348394,0.9162630184964019,-0.4005771847420444
-0.1391903075670342,0.04396543811611053,0.9470886932158868,-0.32097197258113314
36.715065307431644,41.394436376025865,0.5151033604680607,0.8571280697973386
36.84973237782556,41.64107993119502,0.4337957346292548,0.9010112433357672
36.90467299207364,41.7787682254571,0.08364028246269485,0.996496012610969
36.88867091028054,41.85172623079882,0.0422132020260279,0.9991086255131171
36.878543987728165,41.94557351388504,-0.41293168265247715,0.9107620026449247
36.83088657538464,42.012001730614514,-0.778511371323824,0.6276305001507646
36.75026577660981,42.06574567126903,-0.8839860780759733,0.46751322309412724
36.6396064720433,42.11881766318602,-0.9216695668840189,0.38797578465649757
36.49774934847163,42.175453603245955,-0.9369423022726945,0.3494840800550762
36.323767069347255,42.237572933651734,-0.9508520697056492,0.3096455094724986
36.10581777967603,42.301182656205484,-0.970363857888557,0.24164847051789173
35.839269480846355,42.36249067373279,-0.979841609236963,0.19977592649746018
35.525561487344206,42.42221562641167,-0.9856429285140968,0.1688431741888159
35.163779406955896,42.4810654484684,-0.9887712341959091,0.14943709856223408
34.75927094076209,42.54018859094913,-0.9901807631976461,0.13979290466016878
34.31100117588643,42.60248216210071,-0.9909209860942293,0.1344455254667861
33.82694332800203,42.66696126437711,-0.9918503239569448,0.12740853529690818
33.311520031647476,42.731240873844015,-0.9931226229255373,0.11707884451727774
32.767761581089644,42.79278243828648,-0.9944946548790191,0.10478731515341179
32.19965699799101,42.849855511534074,-0.9957312752328357,0.09229966155512684
31.60697095614283,42.90215200551539,-0.9968309656564524,0.07954889005149395
30.9965863097584,42.94719668144947,-0.997903209467913,0.06472391006141882
30.37569019230753,42.9847728459863,-0.998535875697087,0.054093483395428604
29.742214288507085,43.01725226099208,-0.9988815708000988,0.04728221141113425
29.093127517971624,43.0471289303795,-0.9990072461921224,0.04454797476465053
28.429367259756646,43.07651557813274,-0.9990385343258626,0.04384069949296144
27.756804878176425,43.105823988239564,-0.9991373594759247,0.04152754386520648
27.07195489365708,43.13229202679395,-0.9994260331934021,0.03387630699029732
26.374537561042985,43.154059031562525,-0.9996390460041826,0.026865920863570387
25.67283648482494,43.17112462740819,-0.9998001494094073,0.01999152922932051
24.95994600295286,43.183488814330914,-0.9999151761547835,0.013024611139998251
24.231971711754554,43.191151592330755,-0.999979328079949,0.006429884351495373
23.489484890920053,43.194113004940135,-0.9999999083586785,0.0004281152120419503
22.72417335122654,43.194194479331244,-1.0,0.0
21.94279373932325,43.194194479331244,-1.0,0.0
21.14549282035111,43.194194479331244,-1.0,0.0
20.340219616264534,43.194194479331244,-1.0,0.0
19.5417952634391,43.194194479331244,-1.0,0.0
18.739176092819875,43.19418525769643,-0.9999999774422547,-0.0002124040731419627
17.941078992373008,43.193372563786895,-0.9999941588822395,-0.0034179235512380914
17.1534430523119,43.18785490972557,-0.9999009777836878,-0.014072477650539154
16.36086947485552,43.17319444122877,-0.9996649726225745,-0.025883247700154297
15.571080539016506,43.149131154886135,-0.9992726413272344,-0.038133820879798296
14.783777782195244,43.11546011379957,-0.9986514734706723,-0.051915648265768784
13.995808699168222,43.06898605983099,-0.9974708385637509,-0.07107690352658644
13.22785847966,43.00881012366477,-0.9959874173669926,-0.0894933765517211
12.472474320171045,42.93444018767694,-0.9937453567301964,-0.11166989736350064
11.735385279248135,42.845348905278016,-0.9909814044364165,-0.13399946291395226
11.0135443322948,42.74185373053068,-0.9877884457198963,-0.1558011120058885
10.289955093441506,42.62030230931761,-0.9830476939061851,-0.18335002455885163
9.57995502065225,42.47983049955222,-0.9771651616003267,-0.21248116847054316
8.878165766793245,42.318535563451405,-0.9700321787733245,-0.24297648475578287
8.176572512040963,42.13581578592239,-0.9643941118937024,-0.2644692741033583
7.484080663725493,41.94031707154238,-0.9586237489262943,-0.28467614581221407
6.793126314361899,41.72756170075736,-0.9503489564160879,-0.3111862160167972
6.107393448406867,41.49373636738272,-0.9392554493819667,-0.34321888177412385
5.4382323019653,41.2406624943159,-0.9290048285353796,-0.37006759998404365
4.780208860550289,40.97098750634406,-0.9186144538159076,-0.3951550141912689
37.95678605417916,13.668880604703332,0.3013417186945344,-0.9535162130631153
38.062721030446966,13.318715256962605,0.2694988366662084,-0.9630007149714689
38.15377423064393,12.976496564359323,0.23627642601151178,-0.9716858805762418
38.23022324659017,12.644611615055723,0.20468703463748578,-0.9788274709320907
38.29278177150435,12.324736165138532,0.16759488775276543,-0.9858559497204132
38.33926446468389,12.01649244974989,0.11372457025727432,-0.9935123160383056
38.36566578947726,11.717304747964164,0.04087725349101334,-0.999164175772446
38.36882450904703,11.424439452940419,-0.03917877112308077,-0.9992322172014296
38.349280449647125,11.135486151682898,-0.11312064424192335,-0.993581259810335
38.308910903001944,10.84899965298034,-0.18389770372375505,-0.9829453873766996
38.247212579515235,10.56432476193055,-0.25892427116907557,-0.9658976249062646
38.16183437350888,10.280040486270948,-0.3335787578815255,-0.9427222349611887
38.05180854063126,9.994245642204476,-0.399504660154166,-0.9167311637089165
37.9173893263379,9.705759463450448,-0.45882097638043307,-0.8885287342755471
37.75835603312859,9.414960306193379,-0.51258571259703,-0.8586360621598623
37.575083741013316,9.121853397073181,-0.5564268260214356,-0.8308966164834896
37.36930572042043,8.824997384266723,-0.5896793671964569,-0.8076374458275113
37.14332507826394,8.52419005576759,-0.6184936289944457,-0.7857898134318624
36.89730630096942,8.220752061381035,-0.6483197701994814,-0.7613681603327602
36.62771416818144,7.913152002374957,-0.6768676759583838,-0.7361047135039255
36.331303360397285,7.600598824864136,-0.7069161846476917,-0.7072973263650518
36.00745495042477,7.2879125205893445,-0.7409532950389456,-0.6715565609618667
35.65365298296237,6.980435966503904,-0.7764309659852571,-0.6302023128005803
35.27040977321485,6.681013906081077,-0.805452672106616,-0.5926600990418641
34.86022505428805,6.389127562522148,-0.829068613325235,-0.5591468808810186
34.424271443918954,6.1046115051081244,-0.8505284845183076,-0.5259289847716999
33.96743583190985,5.830372981492445,-0.8679777784655947,-0.4966030367304767
33.49063656954608,5.565554811042503,-0.8841999586808584,-0.46710858809142897
32.99272029511691,5.309635507426393,-0.8970482672236525,-0.4419325811377147
32.47516207471,5.060500492355828,-0.9076139186088923,-0.4198058774569636
31.93519953583973,4.817748687455435,-0.9195830492009104,-0.3928956803304867
31.37308877484611,4.586500547330644,-0.933451916893308,-0.35870254926360495
30.795332122423133,4.373669245698963,-0.945785143615537,-0.3247929526885368
30.200659123886254,4.176806381282617,-0.9542543845950541,-0.29899593555952314
29.585464645363004,3.9890248164173556,-0.9597804540952918,-0.28075163389842517
28.952561893805694,3.809059688558037,-0.9653633499373953,-0.260909184578945
28.306403000012324,3.6393547442634286,-0.9698212582047159,-0.24381699517101316
27.65920907818537,3.4795112411384395,-0.9719185373283217,-0.23531756585001426
27.010068525496877,3.3243336728594244,-0.9739579605604568,-0.22672867278073938
26.352315361792122,3.173649020512954,-0.9758607252742111,-0.21839378394837822
25.696580423280537,3.028488220601588,-0.9774612478803775,-0.21111491868680188
25.04020490639367,2.8898368752073083,-0.9799467696025023,-0.19925945083137286
24.37991931347547,2.757904466704332,-0.9815084665965687,-0.19141872948918132
23.719375640207872,2.6304891014567744,-0.982804992512936,-0.18464654530114485
23.040145600102974,2.506478452724636,-0.9851176226575132,-0.17188155668834687
22.33271621508966,2.3867405700836315,-0.9875338702139732,-0.1574066554508151
21.607681618265147,2.2756936974764272,-0.9898197689827545,-0.14232647305025992
20.872034418666743,2.172837888050296,-0.9911477058888168,-0.13276379442956304
20.125350803042707,2.0754355026866023,-0.992450722890104,-0.12264404850994491
19.355781068926348,1.984478258219326,-0.9941109436851284,-0.10836711514783037
18.56807871785645,1.9017959376746916,-0.9950651511043894,-0.09922371217404886
17.791353032156096,1.826263783605981,-0.9956799640461836,-0.09285154385895066
17.023112531973126,1.7571923831585536,-0.9965390913139717,-0.08312544425820219
16.261778622544327,1.6968158879362107,-0.9973709072038889,-0.07246567092969984
15.521576184661896,1.6457936283361505,-0.9980243966533656,-0.06282757105511556
14.809681173617733,1.6025853929879759,-0.9982129317379156,-0.05975736700353641
14.133078924147753,1.5603423700008818,-0.9976850117496957,-0.06800453903975516
13.508673580464205,1.51519582721086,-0.9967925910773611,-0.08002830982396758
12.93410362287348,1.465757107670484,-0.9953752196128149,-0.09606337585542321
12.404049753473288,1.4113505498665972,-0.9936357331603081,-0.11264115494337452
11.912302641518679,1.3522317500222698,-0.9913251105987461,-0.1314325876500342
11.45912082157929,1.288496923920178,-0.9884604440231612,-0.15147920847936458
11.0457112647819,1.2235917331513804,-0.9875910955223516,-0.15704721597329005
10.650887689746796,1.1611733732941474,-0.9879699106480748,-0.15464622741610892
10.269019577571598,1.101396689562165,-0.9877596317191956,-0.155983684871076
9.901268482980257,1.042580100958915,-0.9869347645171823,-0.16112036056133275
9.541834428588487,0.9830135707531582,-0.9855844450861955,-0.16918422386303097
9.177735748968104,0.9192539165479445,-0.9844474444457412,-0.17567933607641315
8.811710515339726,0.8543238976760392,-0.9852196597901198,-0.17129571495819915
8.445500373588573,0.79210637846748,-0.9871088534359038,-0.16005034041967925
8.075715389237885,0.7342299505470038,-0.9893963850280809,-0.14524046713421637
7.69645240467122,0.6810502843634652,-0.9917705040498721,-0.12802838473035158
7.301231626585462,0.6328361845828141,-0.9942392293722717,-0.1071837430641004
6.895761327628776,0.5929614093482343,-0.9965352039500256,-0.0831720342920684
6.475669620144004,0.5602906254567301,-0.9975513857257513,-0.06993734936808299
6.028487781713153,0.5302555681643071,-0.9979972940402971,-0.06325662880872428
5.553349658399597,0.500847571212887,-0.9982206392162846,-0.059628478453104504
5.052644929662634,0.4714582261071314,-0.9983532566712215,-0.057365276029719914
4.534552597238601,0.44190928338956326,-0.9985119205871834,-0.0545338834605989
4.008946977913652,0.41401608373070076,-0.9986867435203994,-0.05123268796988801
3.480756790995926,0.38702259099211744,-0.9986858404531045,-0.05125028856968922
2.9602870554673046,0.3600856131103711,-0.9986163540433424,-0.05258685612566951
2.4560531444261073,0.333148635228639,-0.9984935527330724,-0.05486916393100118
1.9773894455516796,0.30621171212571596,-0.998260227801387,-0.05896200123743276
1.5387208289839407,0.2794690839862568,-0.9978369962532606,-0.06573681547101577
1.1443740185287083,0.2515372915478906,-0.9968914120472847,-0.07878776926890992
0.7957474017531467,0.22230218782102895,-0.9956726477697473,-0.09292996547497895
0.5027174600363367,0.1929183820527669,-0.9934960834429072,-0.11386629081341078
0.2684159376706958,0.16353457628453327,-0.9891506509037389,-0.1469046963739066
0.09080668789626145,0.13392844342702404,-0.9789188738237081,-0.20424945158242944
-0.04347903083881022,0.10235221123302551,-0.9623353848267995,-0.27186505312425807
-0.13692452559918422,0.0732658474636736,-0.9332537261586386,-0.3592178762408918
-0.19076083464719318,0.04886334360425337,-0.838193078809028,-0.5453735991379144
-0.2134457695176195,0.029162248667731205,-0.34676291925277997,-0.9379528121559688
-0.21016978448383838,0.014162562654135513,0.8449750398684509,-0.5348057423021089
-0.18863556257670666,0.0024419983959518277,0.9581252590969916,-0.2863494157150012
-0.14895870148265544,2.842170943040401e-14,1.0,0.0
-0.07873188757605476,0.0,1.0,0.0
34.55535558346507,44.99395258263682,0.4939659162209803,0.8694812669701214
34.674137162057235,45.216266051058824,0.44432123220552694,0.8958675363084445
34.7387949281087,45.35437827180391,0.3302995988363003,0.9438761438920782
34.75515700528506,45.429790704226235,0.293978231422382,0.9558121151407156
34.776593672701324,45.51950537202161,0.07388316439963646,0.9972669041025559
34.77191035244314,45.58042146647891,-0.4407924922554195,0.8976090344750636
34.73691601224776,45.6206465582966,-0.8594848189915162,0.511161271931981
34.66840367538518,45.651972666002976,-0.950481019360134,0.3107826118625694
34.564153394189134,45.68113010057816,-0.9757393613802346,0.21893537551819223
34.41775178967998,45.71079733078773,-0.984657740902349,0.17449680020299066
34.22688746339341,45.739876909863966,-0.9924941266429486,0.1222923079316554
33.990230237869284,45.766555887324515,-0.9950369491184402,0.09950612990698998
33.70438877226607,45.7937257925022,-0.9960610201434726,0.0886704243293362
33.36664357859955,45.822612331181006,-0.996855149887444,0.07924525312523086
32.97714638735522,45.85199385639015,-0.9976098781082827,0.06909798188643065
32.53173193186551,45.88137766215837,-0.9981349552525653,0.06104597532154946
32.030735965754204,45.91076146792662,-0.9984935199932712,0.05486975971741522
31.4766170985323,45.94014527369485,-0.9987437594745961,0.050108910490551474
30.876324018414962,45.96950157780148,-0.9989186147436887,0.04649302225657235
30.23954906214783,45.99766798153938,-0.9992141015974326,0.03963810248782792
29.573117301769386,46.02198441780283,-0.9995074024151069,0.03138395318320872
28.88503500804552,46.04160733680479,-0.9997155007560321,0.02385199253974091
28.178903457024305,46.05652884688381,-0.9998609556882174,0.016675409747430474
27.4486585641083,46.066748948039915,-0.9999534377268139,0.00964999369570394
26.681882905142402,46.07226981876799,-0.9999941283642841,0.003426840666833889
25.890680961581836,46.07375540007335,-0.9999999760782872,0.00021873139957616177
25.072171171520736,46.07380744462007,-1.0,0.0
24.23265985900578,46.07380744462007,-1.0,0.0
23.380583694916268,46.07380744462007,-1.0,0.0
22.514215127357943,46.07380744462007,-1.0,0.0
21.638513652185893,46.07373826550217,-0.9999997218548904,-0.000745848605179449
20.759545820897856,46.071846268291864,-0.9999868145669383,-0.005135240234687986
19.879184559655315,46.06553141786439,-0.9999365115823002,-0.011268221005118043
18.99546947616284,46.0519755878088,-0.9997337962311682,-0.02307242235260629
18.111329979471847,46.02662127639391,-0.9992628066689352,-0.03839066563791773
17.224084139101635,45.98735893602189,-0.9985408136187918,-0.054002254929969455
16.338323281026774,45.93400266453061,-0.9975417692236502,-0.07007437944177403
15.45681005714296,45.867647996563065,-0.9965749385177807,-0.08269457006528123
14.580066679933083,45.78965764337663,-0.9949530683832254,-0.100341375886546
13.70754134071764,45.69563727808,-0.9930575854463717,-0.11762921400495008
12.827961973899207,45.58627740251143,-0.9911759051186635,-0.1325531029897015
11.941401019491721,45.46257910630847,-0.9889393533831463,-0.1483204481186752
11.05875422845169,45.3243184299877,-0.9860512023854734,-0.16644226108222057
10.171936920277417,45.1672355262465,-0.9821729897391455,-0.18797930265555451
9.273159560059042,44.98749062750956,-0.9780003477271539,-0.20860325943178834
8.375021182404453,44.790375827113905,-0.9748709315046594,-0.22277043544249306
7.4863155324540855,44.582687986335145,-0.9714087728482833,-0.23741313365817016
6.603164290578519,44.35951552357375,-0.9656650232859311,-0.25979042092075333
5.736050679674193,44.11662672812139,-0.9581739357004432,-0.28618649329470996
4.891295035392545,43.85507289872308,-0.9496495625263516,-0.31331407308563264
4.068482017974475,43.57189300214276,-0.9386382202796208,-0.34490330736353586
3.2682552642440044,43.26628683728339,-0.9257614694063533,-0.37810805567005545
2.4916509039724986,42.93450948306187,-0.9082267429050922,-0.41847841458312696
1.742007315226374,42.57284347082238,-0.8879302859782461,-0.4599780508269828
1.0179292576612369,42.18318886969642,-0.8676597407251277,-0.4971585002037116
0.31374624238277704,41.76250493125734,-0.842479587626916,-0.5387282658557851
-0.364949340522017,41.31231452323911,-0.8178190606964548,-0.5754754416667736
-1.0169925160004851,40.838133309119826,-0.7932324249280516,-0.6089189765828972
37.90545256045242,13.574470604465546,0.3169645468958457,-0.9484373864473665
38.01444749429058,13.23343093564361,0.2833173758316357,-0.9590262063947343
38.10548066254607,12.910204517235428,0.2502559087001663,-0.9681797251340549
38.18054111835771,12.604265430326166,0.21778535298908436,-0.9759966905801575
38.24145440613947,12.310918390613821,0.18026470795778135,-0.9836181347783782
38.28951135842051,12.030599784270038,0.15102966722618388,-0.988529230532688
38.32714801115402,11.765784798599682,0.12189244907452716,-0.9925433143488569
38.354285817844485,11.517554617564741,0.08321378736506198,-0.996531718307231
38.36908417038731,11.28629986790304,0.025992705093517074,-0.9996621325637585
38.368538919726916,11.070120189034242,-0.06279945573249812,-0.9980261661698565
38.346012217353504,10.859096692366919,-0.17003233827474679,-0.9854384830829481
38.30028789593439,10.639175944588843,-0.2538426609476049,-0.9672455238888621
38.23172467388517,10.40494449659387,-0.32252111363079633,-0.9465622701451558
38.139272651225994,10.154481391431915,-0.3830893714019134,-0.9237112825547207
38.02144697479426,9.887896840141963,-0.4371942208816805,-0.8993671181601318
37.87753973371666,9.607130459812595,-0.48536155903939115,-0.8743135347270173
37.71008563650784,9.316303294607081,-0.5193261868560719,-0.8545761005583601
37.52071953264054,9.014071071214545,-0.5496386911968238,-0.8354024833213285
37.30769905355916,8.699526596322528,-0.5782904617965917,-0.8158309517265724
37.071334904134886,8.37458160590765,-0.6037048412419269,-0.797207918087283
36.81284828095451,8.040795678668871,-0.6256328046715738,-0.7801176794040631
36.53411734779441,7.700072729138654,-0.6452525352284764,-0.7639693487184049
36.24144972090713,7.359329137802348,-0.6631636466739051,-0.7484744335848539
35.945076121932544,7.032771968216963,-0.6876109488593801,-0.7260793228075725
35.64495396779232,6.725019037812785,-0.717030069455566,-0.6970422365226847
35.334643267098556,6.433439931053954,-0.7477181688871531,-0.6640162196181978
35.01446103317187,6.158227251311928,-0.7754169702687053,-0.6314495405171359
34.68545982652458,5.89867982901275,-0.800228790802022,-0.5996948243661384
34.34311107613904,5.649394643386856,-0.8220555340322097,-0.5694073225442563
33.98342810456157,5.408714853636667,-0.845535200082019,-0.5339196806845202
33.60894432361138,5.181055820061161,-0.8697066017203051,-0.4935690700642806
33.220039195317085,4.969494866867905,-0.8919008636166952,-0.4522309691737104
32.81508692743584,4.772408126015776,-0.9102115006768879,-0.4141437238876472
32.393053375217875,4.587713790273,-0.9255579271135381,-0.3786060268369888
31.95468280705326,4.416401014081842,-0.9407644523372578,-0.33906082819839156
31.490654843227745,4.256583575619942,-0.9525984451118455,-0.30423050861229256
30.989498211101406,4.1037328528386325,-0.9620441390314939,-0.2728938888197235
30.460555346039484,3.958948247064015,-0.9681991531348177,-0.2501807344081906
29.906141789234027,3.8210583446038555,-0.9740194647331631,-0.2264643069468619
29.31972068232878,3.6904497642623966,-0.9794037893784504,-0.20191140966060364
28.70450708541614,3.5700024477608423,-0.9842772409918196,-0.17663044150296292
28.070475816504057,3.4616911128404695,-0.9877820079736687,-0.15584192222732327
27.428184224372856,3.364237928119607,-0.9896471101295801,-0.1435221147146689
26.77349271769016,3.2714533843880957,-0.9909151272589724,-0.13448870052660417
26.102305012257332,3.182596059791365,-0.9919581026946496,-0.1265666721472575
25.420892573507928,3.09742451022521,-0.9927779827277255,-0.11996614943836348
24.724793822900764,3.014354716216232,-0.9931262784247167,-0.11704783253983048
24.010801406234123,2.9297794158650277,-0.9927989694081553,-0.11979234675931832
23.291390166754397,2.841635099180607,-0.9925000542579955,-0.12224419126435457
22.56520251877636,2.753912146868629,-0.9932799155087967,-0.11573681111400003
21.833583493978296,2.670630285450727,-0.9940557459121194,-0.10887228306185076
21.106998450083523,2.592947163086066,-0.9948355791779548,-0.10149960788920889
20.3773943634465,2.5205848246641267,-0.9955247712646277,-0.0945009513100837
19.63841164411467,2.452120163978222,-0.9960575865561876,-0.08870898637603074
18.87921801168615,2.3858506721322925,-0.9964941624325432,-0.08366232268987331
18.10538029008785,2.321862045442245,-0.9967028698901755,-0.08113808694249375
17.327430251294373,2.259394443945908,-0.996982064368565,-0.07763223124060381
16.53356196760835,2.1988178455817433,-0.9972347540142183,-0.07431584882245042
15.735087899992948,2.139113485338001,-0.9971732885114386,-0.07513609438401281
14.948261677459769,2.0799654353049704,-0.9972530941927237,-0.07406933321583599
14.165578582140128,2.022582976568401,-0.9974098922065859,-0.07192709453638961
13.388149711472565,1.9652961114323375,-0.9970553930553603,-0.07668469977264669
12.623643848593574,1.904147221736821,-0.9963078126568777,-0.08585302812870385
11.874371449025872,1.8367025182186012,-0.9954350519643369,-0.09544138159497591
11.13505103960712,1.7633219407687477,-0.9945810135664109,-0.1039644528346613
10.413955298535996,1.6856964830201377,-0.9936705308209333,-0.11233377131586321
9.7207478806409,1.605593139833985,-0.9930305832865757,-0.11785694997548221
9.049728034556352,1.5258112829401398,-0.9931330724469677,-0.1169901722882992
8.392097919685781,1.4490050521495448,-0.9934547950131443,-0.11422596143343167
7.758311436069874,1.377251971320419,-0.9940220110487367,-0.10917985872231786
7.154628500621897,1.3133248370344859,-0.9952459051602349,-0.09739398473101403
6.564669258580125,1.2582216780670734,-0.9961936005268094,-0.08716828706262282
5.993234751068954,1.2091630369665154,-0.9964556020217871,-0.08412034949640926
5.4478327644154945,1.1632519904256213,-0.9965503335834597,-0.08299055750322033
4.924891077616664,1.1205684557652518,-0.9969945070881839,-0.07747227140073627
4.413630312871973,1.0819715061234945,-0.9973001860117654,-0.07343254714973697
3.9260959920529217,1.0456195851062517,-0.9970182687550481,-0.0771658717872532
3.4725900294307053,1.0095726296557501,-0.9966639735882543,-0.08161448248486053
3.0473376091042326,0.9747550953016173,-0.9967057809245916,-0.08110231976645231
2.652117361792577,0.9427415191932482,-0.9967178885249233,-0.0809533859354777
2.2901180613299346,0.9128043105171173,-0.9962868847185514,-0.08609554772346743
1.9621619585026195,0.8833916579491046,-0.9954796016836958,-0.09497558966213421
1.6601731859435205,0.8536444671143641,-0.9944801830672049,-0.10492457046192143
1.3828080051667229,0.8225302556376732,-0.9922418681380948,-0.12432246423645199
1.1366956919326014,0.7895221069151575,-0.9889794863667062,-0.14805261073633924
0.9193945406784536,0.75474564514316,-0.9838481085225095,-0.17900530538696394
0.7290304511557508,0.7170263696299202,-0.9773908813458894,-0.21144045275657541
0.5613035833273443,0.6791785596608406,-0.9711714497148392,-0.23838207830870503
0.41527495183575525,0.6408134721167329,-0.9573419043792715,-0.2889575714866631
0.29256503646196563,0.5994126460547591,-0.920100520618251,-0.3916823099886225
0.19378604973545066,0.5484353504683384,-0.8085612938450227,-0.5884119595110747
0.11645200600220562,0.4781285528548409,-0.6071985704760586,-0.7945501217744736
0.05014061310764362,0.3931996014335084,-0.6995090805058094,-0.7146237095772272
0.002249876938719808,0.30417786337788755,-0.06547430035239764,-0.9978542558877844
0.0,0.15177122183588665,0.0,-1.0
34.91530720412615,48.59346878924776,-1.0,0.0
34.89950440955067,48.59346878924776,-1.0,3.5815499082832503e-12
34.859822288640146,48.593468789247815,-1.0,0.0
34.793337077759986,48.593468789247744,-1.0,0.0
34.7135183332785,48.593468789247744,-1.0,5.734381638469623e-13
34.60106833742147,48.59346878924777,-1.0,0.0
34.449069817180714,48.59346878924776,-1.0,-3.1600084030887963e-13
34.250907988144945,48.59346878924773,-1.0,-2.47421854692446e-13
34.001283928462385,48.593468789247716,-1.0,-2.0086297595870777e-13
33.6985348859497,48.5934687892477,-1.0,0.0
33.3446369941513,48.5934687892477,-1.0,0.0
32.936204907531746,48.5934687892477,-1.0,0.0
32.47420348510251,48.5934687892477,-1.0,0.0
31.959422558483993,48.5934687892477,-1.0,0.0
31.39548541836669,48.5934687892477,-1.0,0.0
30.78926774121139,48.5934687892477,-1.0,0.0
30.13720783804878,48.5934687892477,-1.0,0.0
29.441577969126584,48.5934687892477,-1.0,0.0
28.718417696135702,48.5934687892477,-1.0,0.0
27.971917569846752,48.5934687892477,-1.0,0.0
27.19576411300058,48.59334578970955,-0.9999995453021532,-0.0009536222979332039
26.389838011634126,48.59152328412801,-0.9999873388773288,-0.005032105427979085
25.56321085172408,48.58563396563708,-0.9999437711445877,-0.010604458927292197
24.72714199159097,48.575030387124464,-0.9998692726196692,-0.016169034325326223
23.87823838720179,48.55939853040555,-0.9997501719549385,-0.022351592249116033
23.021749731218137,48.53777508529905,-0.9995302139057112,-0.03064884157033169
22.174442715446446,48.50849710679642,-0.9991320584203391,-0.04165488970980755
21.324999291859044,48.46886907558321,-0.9985418628939575,-0.05398284957525539
20.46378445392348,48.41875299863302,-0.997881323419573,-0.06506046703184408
19.6069795247557,48.35920488049303,-0.9970835135584518,-0.07631819566743259
18.74889218833863,48.28948001582648,-0.9959890915624496,-0.08947474218239702
17.875951904656347,48.20584793922021,-0.9944096838412346,-0.1055906278169415
17.001113517376652,48.1073418397141,-0.9924945451223802,-0.12228891160820612
16.14037382043466,47.99640982392568,-0.9905085676117705,-0.1374510003153072
15.311221468586595,47.8760311476996,-0.9878032714673002,-0.15570708679600756
14.485714758837545,47.73790548653297,-0.9834535826166073,-0.1811602904572634
13.658980993598192,47.57707884715486,-0.9784261130891113,-0.2065970503790737
12.843604705240125,47.39811723453385,-0.9743536692757786,-0.22502205929380917
12.015896398764184,47.201501545592244,-0.9705101164041158,-0.24106039483347264
11.157457325897553,46.982115896282245,-0.9655960360392245,-0.2600467173131334
10.279709739256987,46.73704462511767,-0.9590104559576307,-0.2833706854350627
9.391088365621684,46.46684486640887,-0.9530868723683508,-0.30269690074250044
8.50081316960808,46.1764589772445,-0.9464464672213523,-0.32286078220220804
7.623277909417027,45.868829652570575,-0.9387415377086512,-0.3446220036219351
6.7679391462735765,45.54501227837118,-0.9280189835224082,-0.37253290622713603
5.942131636186687,45.20139792769245,-0.9157858405131979,-0.40166689472190203
5.132879298489144,44.837826787097136,-0.9062563996422615,-0.4227284448761946
3.6240888137025706,44.097670134509265,-0.8848611982452611,-0.46585476260306796
2.9203661618070385,43.71608251860999,-0.8686591620206352,-0.4954101939177349
2.2328056725805254,43.310655389228565,-0.8491460408499371,-0.5281581215023368
1.5870120372400436,42.8968663844174,-0.828510101471817,-0.5599741170439572
38.937521619709244,13.417339143510155,0.4513425677578498,-0.8923507642904503
39.086494659590684,13.113438792811557,0.419378070158567,-0.9078116733497514
39.228056953394926,12.794651801763969,0.38281105282366973,-0.9238266600591442
39.35834467831735,12.465495282801406,0.3435504209528078,-0.9391342333570577
39.47436638404902,12.131954775142269,0.3021720575851458,-0.9532534015752366
39.5758319439077,11.790575674986975,0.2560046852157025,-0.9666755407827432
39.66291868044375,11.436839081684973,0.21220601748611584,-0.9772249516578474
39.73713241146123,11.069485119821074,0.17687359463717134,-0.9842335756923382
39.800395512472704,10.692482725461439,0.14569749132132093,-0.9893291873904629
39.85106322960863,10.309531340314955,0.10653517425617769,-0.9943089342081795
39.88651788475636,9.923316483490275,0.0661349245097585,-0.9978106893394603
39.906367147940614,9.535461338056216,0.026174368839213483,-0.9996573925179911
39.910716197625334,9.149551436200433,-0.013996043411233065,-0.9999020505873718
39.899224289068854,8.767792310263935,-0.06018094188984661,-0.9981874845104255
39.8667932659537,8.394265368501543,-0.1347169597078841,-0.9908841207563398
39.806264907971,8.026402997985564,-0.20648362870907444,-0.9784500554832285
39.71855768603871,7.660351065573089,-0.2776908293052541,-0.9606704967468087
39.60280840353633,7.300892264771541,-0.35572131672783136,-0.9345920740223609
39.45781926059931,6.954488446761523,-0.43639378226332004,-0.8997557817552017
39.28269452737378,6.622040630730517,-0.5128889341231764,-0.8584549733410554
39.076573653361265,6.2994466708487025,-0.5809460086311581,-0.8139420956404249
38.83840905757785,5.9862419435841545,-0.6433517710409536,-0.7655707013062009
38.57108050221524,5.685550614213149,-0.6969572218471198,-0.717112704471999
38.278483877357985,5.398198059247299,-0.7378161058897537,-0.6750017732492856
37.96334769005732,5.120993531272838,-0.7716772912715892,-0.6360142751037453
37.621189823222394,4.8523978316013725,-0.8115047082406075,-0.5843458808816284
37.241688737789715,4.593116875388098,-0.8457889182539118,-0.5335176714588542
36.839061059447985,4.349720798231779,-0.8712497851456547,-0.4908399045347173
36.41647227908153,4.121789649947992,-0.8943938436240311,-0.44728028403612
35.96639674335785,3.9067696748047283,-0.9142638572313454,-0.4051192409161308
35.487065150581884,3.703668699971864,-0.9306508495849191,-0.36590845325964855
34.98310608085228,3.5140192526721066,-0.9436820084446121,-0.33085384528208683
34.47205673491348,3.3419556534738817,-0.9537854843075183,-0.3004883523936872
33.95920205601287,3.186951601885191,-0.9629375461363396,-0.26972445614167945
33.42931089818482,3.045636877907306,-0.9711359953762426,-0.2385264733412088
32.880280590348335,2.9171881562171436,-0.9775911300757946,-0.2105126656453977
32.309590586224544,2.8003594385320056,-0.9828359745740349,-0.18448156298965784
31.713308891147165,2.6937410929809644,-0.9864825998718799,-0.1638660433098219
31.096840731310195,2.595361725526182,-0.9889537829098837,-0.14822420608062262
30.45923359286948,2.5028506053332435,-0.9907503005155373,-0.13569761246378972
29.814903740801284,2.417354778595403,-0.992108556636335,-0.12538186411506214
29.180149858815952,2.3391208752760164,-0.9931183028406775,-0.1171154838731946
28.552881762912506,2.2675133355373376,-0.9942239845775674,-0.10732505993804567
27.920669698702255,2.2014052402196214,-0.9951517504755024,-0.09835137785279445
27.27023220109139,2.138604678397094,-0.9955848658141294,-0.0938657283669696
26.591254222456982,2.0748329152586464,-0.9957426780106977,-0.09217656528686702
25.89017826335173,2.0107084317800528,-0.9960199453738094,-0.08913062558713261
25.162808701673157,1.9466035385811082,-0.9963137730321615,-0.08578383103136822
24.4132082776991,1.8824986453821495,-0.9963915905995477,-0.08487519179656172
23.66245445067996,1.818661104067992,-0.9966091656114169,-0.08228104896824859
22.91243515086306,1.7591326299790992,-0.9973187601709628,-0.07317985112757282
22.16121582208045,1.7072332646484298,-0.9980450054886283,-0.062499336150105764
21.399124067502,1.6616917272204788,-0.9984838382512122,-0.05504566060215016
20.620074203974042,1.620806834607059,-0.9987946312192003,-0.04908446442308989
19.821143805086336,1.5819071200436028,-0.9988443890400681,-0.04806127841800608
19.008279796099146,1.5429857569815724,-0.9988301612162016,-0.0483560652329837
18.193231936438792,1.5021908696086044,-0.9986355686707682,-0.0522206949935695
17.39222593596395,1.4596911542486666,-0.9985385487315719,-0.05404411806150543
16.613647540151618,1.4170365463129926,-0.9984464739176506,-0.055719285004479174
15.856489108208152,1.3743008527390614,-0.9983333433801167,-0.05771079184587561
15.120637626277897,1.3318596757727974,-0.9983561528937958,-0.05731484955140409
14.398579662912056,1.290291481143818,-0.9983221340581709,-0.057904375046614956
13.68743928926537,1.2483573706519522,-0.9981210895348687,-0.06127226636681991
12.99287657102687,1.2040364577717853,-0.9976585556837729,-0.06839156578824945
12.314566164054597,1.155375731393157,-0.997032684127856,-0.07697939192279295
11.65470907207596,1.1020333447181585,-0.996276768709971,-0.0862125288390227
11.020995703181839,1.0465346730551701,-0.9961358491186967,-0.08782579405034238
10.423432339733324,0.9941559008506928,-0.9962871648295841,-0.08609230625223786
9.861180699709479,0.9463767499106481,-0.9966722628782111,-0.08151319162703595
9.316652563900433,0.9032990078935441,-0.9972568248356072,-0.07401908753019734
8.777106553619433,0.8649226747993382,-0.9978193438777246,-0.0660042194365417
8.248859738367258,0.8312674196174825,-0.9982410053607266,-0.05928655173313612
7.74260342998042,0.8020717717011863,-0.9983219036288662,-0.05790834771288859
7.2444346214568185,0.7729100821062858,-0.9982672918976134,-0.058842280100325974
6.750746440989985,0.7436466048529482,-0.9982048698357242,-0.05989188456080671
5.356692814403672,0.6558545133249183,-0.9978571288939235,-0.06543049988786241
4.91006995676851,0.626148963286461,-0.9977259015361016,-0.06740196884345025
4.468307026778987,0.5965020627362989,-0.997748335019346,-0.06706906862423796
4.032999504309743,0.5671079426157775,-0.9977019121898903,-0.06775613929848968
3.602208783853797,0.5375843724807439,-0.9975450997138466,-0.07002695221764244
3.1848603512366367,0.5076284411082739,-0.9972076240834913,-0.07467900956599888
2.7854549800562154,0.47676478720449467,-0.9966814383282983,-0.08140092439177005
2.4030208013781333,0.444403124212684,-0.9961106377751173,-0.08811127800258649
2.0430270639840558,0.41239813249512736,-0.9959110331144123,-0.09033943834773317
1.7151784107827837,0.38190598940840204,-0.9952250199631539,-0.09760717002013682
1.4217697071297977,0.3521874388098354,-0.9948134800189079,-0.10171597697839728
1.148628258372412,0.3245339340362108,-0.9949694766036534,-0.10017854374591481
0.89718595865574,0.29867932490822113,-0.9940608434805825,-0.10882572976402657
0.6783020464310283,0.27310549437729037,-0.9911586178107595,-0.13268230605270842
0.4919461550976365,0.24438336628289647,-0.9811460744476167,-0.19326763980561165
0.3341871876306186,0.20822705658202523,-0.9590368205324306,-0.28328144461479776
0.1946999289979061,0.16701360251894215,-0.9659599779577936,-0.25869155568703606
0.08049696482828494,0.12191168878067771,-0.8106472217843247,-0.5855348681448065
0.01695471207069943,0.05792251088055167,-0.43028265829270435,-0.9026942084518789
34.55535558346506,45.3539042032979,-0.019870791190521687,-0.9998025563367312
34.55052362346903,45.289741964565735,-0.19907322551176726,-0.9799846176774107
34.533791957217815,45.23741008375319,-0.5087573160611176,-0.8609099798203572
34.490492802103944,45.19775349192906,-0.7760796495241764,-0.6306349003935888
34.42905551199371,45.157624800847174,-0.906475533158572,-0.4222583424692553
34.33991283268706,45.12370947082718,-0.9648534310897521,-0.26278861564826794
34.21146223763233,45.095398182586365,-0.9877403585825848,-0.15610568223849788
34.032570493522044,45.071918987164494,-0.9951797937255803,-0.09806721246324562
33.80092455846851,45.052334163500376,-0.9977722929087828,-0.06671170439698108
33.522512573884285,45.03558921247307,-0.9986900172207385,-0.051168833323041445
33.19634208612517,45.02170085733816,-0.999529234196763,-0.03068077551223804
32.788990674656645,45.011452363196895,-0.9998394522872851,-0.017918416499843035
32.30043007555136,45.00426183279136,-0.9999456860746084,-0.010422327032901304
31.742295823683136,44.99952773384173,-0.999983030218465,-0.005825742450225088
31.120599391184328,44.99664109345194,-0.9999954629944324,-0.0030123065167749342
30.424435119353873,44.99505012963276,-0.9999991090530637,-0.0013348756791491546
29.64277710470246,44.99424862685319,-0.9999995128493347,-0.0009870669141514425
28.807944155715575,44.99281181085222,-0.9999935341739844,-0.0035960548138598723
27.943937772785006,44.98816615007341,-0.9999636531148137,-0.008525986703996787
27.05628839836575,44.978869990929894,-0.9998894871671211,-0.014866521202736353
26.121754562252164,44.96174764863362,-0.9997187566460132,-0.023715134622209855
25.13763930802702,44.935222488491505,-0.9994784545105576,-0.03229270767816045
24.13194556298471,44.89930332189088,-0.9991343366151904,-0.0416002090923059
23.1393077963196,44.85464947020877,-0.9987514906636762,-0.04995457833957391
22.154519309335598,44.803045701751586,-0.9983771277770682,-0.05694831631937494
21.1490485784999,44.74264724240513,-0.9978845378399908,-0.0650111462740671
20.137578898211117,44.674890687669304,-0.9975399276912886,-0.07010058959565622
19.144620885370827,44.60242058886166,-0.9969626111600328,-0.0778816534812225
18.194761268185033,44.52499648271326,-0.9962310543947579,-0.08673918525965596
17.24385306218592,44.44000916990572,-0.9957688770563007,-0.09189310902365792
16.266342468528293,44.34846054625301,-0.9954967706748946,-0.09479546178935053
15.287012393329434,44.254075688511406,-0.995080751479489,-0.09906713902710397
14.34363744430307,44.158583612392846,-0.9945572251919071,-0.10419177423661632
13.426643039172092,44.06045934907445,-0.9939846576329917,-0.10951940645485682
12.492192381880841,43.95589468985558,-0.9934944764001042,-0.11388031156649726
11.542810274692712,43.84523057332186,-0.9927680232813901,-0.12004853997430093
10.603291868208501,43.72748503137976,-0.9912590493157558,-0.13192989482912448
9.697016162142063,43.60283400278891,-0.989783806355396,-0.14257635384811831
8.805322376142513,43.47086004311417,-0.9881569739048123,-0.15344639104027213
7.906481803246024,43.32666953118918,-0.985921905542746,-0.16720644775534466
7.011469652009325,43.16962736025509,-0.9832173158561354,-0.1824382355775687
6.1420793297948535,43.00252523306237,-0.9797752892084285,-0.2001009311735962
5.313743502669212,42.82731579859377,-0.9757843341367389,-0.21873484691132558
4.496633856804436,42.63547884762562,-0.9696334387237256,-0.24456286412455008
3.6702021373677525,42.418779218664596,-0.9632344956475005,-0.2686620672791478
2.8576713582027793,42.18254406378428,-0.9546175690920736,-0.2978343445285317
2.0952884747461695,41.9339636673392,-0.9432478223708856,-0.3320896649891146
1.3726333181921007,41.66802271786821,-0.930236813502584,-0.3669597672832252
37.45607760442013,20.750847442187805,0.8563346372777958,-0.5164213289537002
38.1558225631932,20.27742934554614,0.7828675912904979,-0.6221883432747787
38.48264875187674,20.0017640912001,0.7315039637745041,-0.6818371880311229
38.79055800789126,19.6965653744885,0.6733409356082041,-0.7393321205211284
39.08184092925495,19.3559766507651,0.6104919743006042,-0.7920224424311159
39.35749388972158,18.975192509535958,0.5460968174220381,-0.8377220696636333
39.60963001178119,18.56134877260044,0.47610420284271154,-0.8793888719079326
39.825632583270504,18.1329039394615,0.4068975421832033,-0.9134738037652028
40.0070434894627,17.694971945336277,0.34370748711733423,-0.9390767611327029
40.16110796294359,17.24210649066616,0.2873746246740133,-0.9578182630820264
40.29100166315567,16.775022068222995,0.236405938347872,-0.9716543790432183
40.39719392745266,16.299783821736682,0.1875264200357688,-0.9822595592757386
40.47839867766591,15.824456549798512,0.13867944418729128,-0.9903373222089048
40.53581978503307,15.361143916170192,0.09695357385832976,-0.9952889050502359
40.57250739961614,14.913787099624031,0.05556888550137697,-0.9984548557466857
40.58754183223854,14.483895976423256,-0.004586724480727209,-0.9999894809239436
40.575074887162515,14.073524055098488,-0.07507517087814283,-0.9971778771701756
40.53544107841472,13.687094628058475,-0.14742227873121241,-0.9890736432307236
40.47248481250108,13.32242903453701,-0.20048725723310104,-0.9796963099283106
40.392433582860406,12.962476505095395,-0.24667156024713133,-0.9690991390798187
40.290464186376695,12.592932616218363,-0.2994088595051698,-0.9541249052665031
40.1645585415328,12.219306431012896,-0.34749984255814986,-0.9376800410705463
40.021158157599174,11.849102480868154,-0.382025535567096,-0.9241517679335323
39.86282437004894,11.478514935673985,-0.41196829770231835,-0.9111981791510856
39.684540752385374,11.100235475818849,-0.45023123253903746,-0.8929119986014183
39.48060906726522,10.711107494276916,-0.4858960327992738,-0.8740166161520769
39.254985180554925,10.31868632254934,-0.5197964009902315,-0.8542901740729565
39.01112608075756,9.930193130759392,-0.5491306278993093,-0.8357365335456564
38.751884454005264,9.547370247278053,-0.5816943909976259,-0.8134074228096897
38.47065831878466,9.168328777422559,-0.6193809611507899,-0.7850905839225966
38.16435657324264,8.793300596389486,-0.6534142247808937,-0.7570005619905337
37.83669381375155,8.426338581820062,-0.6873174669458871,-0.7263571433056121
37.49148852850104,8.07473249187693,-0.7216325468514768,-0.6922762940652027
37.13087179150703,7.739330182978435,-0.7494365004882787,-0.6620762280401573
36.751425925764906,7.41426561036927,-0.7746744254718262,-0.6323602885380264
36.357154648939655,7.10129145919997,-0.7972475336173395,-0.6036525243391839
35.9581893706838,6.807567807049807,-0.8186977587224775,-0.5742246771628611
35.565591500826145,6.54063873083912,-0.841065925197426,-0.5409326293280873
35.170338409336765,6.296322444822707,-0.8671431199722409,-0.4980590421675003
34.74943097434678,6.065635620197085,-0.8926288735635285,-0.4507922959420516
34.29046627038166,5.846120601824424,-0.9164877335883068,-0.4000627877998261
33.793755787814575,5.64115221855829,-0.9362036972064411,-0.3514578741997259
33.26155228875716,5.452441948651128,-0.9517695564291749,-0.30681380584095586
32.689588067869835,5.2783963934903255,-0.9637985639534187,-0.2666314462349256
32.07963235017766,5.118085473761013,-0.9719679579278062,-0.2351133530058435
31.446173874976438,4.972263615763424,-0.9785856100491757,-0.20584023854602007
30.797332652784362,4.842733272399514,-0.9836131567808881,-0.18029186838994116
30.128469538238534,4.725747318322135,-0.9870869556491805,-0.16018533636769938
29.428764372430493,4.616567819182876,-0.9893756217944064,-0.1453818386144967
28.691166271090168,4.511356926136145,-0.9908364964555672,-0.13506678826290663
27.918617344759795,4.409586841423234,-0.9923363060330828,-0.12356640210273978
27.131176044764587,4.31400725308437,-0.9933067006902899,-0.11550670267898246
26.3450452404887,4.22385461030143,-0.9936790385173744,-0.11225848926110943
25.57133047640869,4.136763620958746,-0.9937706314804763,-0.11144474867348211
24.815864138157465,4.051952187096717,-0.9936896746368924,-0.11216430145116112
24.084318993288505,3.968678211107033,-0.9933356861553139,-0.11525716728408705
23.382549755848913,3.886682369262161,-0.9931246367027416,-0.11706176136573232
22.705112752847413,3.807102513205166,-0.9933056218886079,-0.11551597952009068
22.028750799881024,3.729932754151207,-0.9940582930173978,-0.10884902426451638
21.34213754423014,3.6568506592108037,-0.9948710511525849,-0.1011513300878981
20.652713257058707,3.5884675236917474,-0.9954942756142328,-0.09482166007455262
19.96792178281484,3.524785797095632,-0.9960479931759025,-0.08881663858904522
19.285850113614444,3.464861168044422,-0.996159564584852,-0.08755639260567036
18.587923521230962,3.403760097866666,-0.9963162940717946,-0.08575454604302513
17.880103392779972,3.34357366345111,-0.9965337231388874,-0.08318977489419783
17.178966464618597,3.285093661007423,-0.9964505349408033,-0.08418035053494982
16.483721087159154,3.2250540543983703,-0.9959702878013507,-0.08968381022734798
15.786880381337696,3.160752600712712,-0.9954672343721467,-0.09510512757716792
15.076407916066074,3.091864288950646,-0.9951818967129544,-0.09804586913688146
14.356821743116683,3.0201470078336,-0.9947136467735646,-0.10268768632331829
13.648126284782151,2.9436612056767615,-0.9932424016530057,-0.11605831102755759
12.966370313168085,2.8603199209309906,-0.9914839417765112,-0.1302290029114544
12.298553438234961,2.7697209605380237,-0.9901689120944733,-0.13987682267497836
11.628868429900123,2.6734392055860923,-0.9891780987124182,-0.14671976358925046
10.959299718279055,2.5717247502814757,-0.987740509570256,-0.15610472687875532
7.773246537420789,2.007773706843551,-0.9837165630152904,-0.1797268028130032
7.177560883321618,1.8988438755247898,-0.9838785002320304,-0.17883818602628077
6.595673012978054,1.7943771283602246,-0.9850783017246205,-0.1721067676511809
6.006060623465814,1.6937471629833567,-0.9869498550879713,-0.16102789678137308
5.407754068374004,1.599085862239491,-0.9888631071667271,-0.14882793852152187
4.810752173124584,1.5115980285854107,-0.9901126646044766,-0.14027441459447737
4.230595840262126,1.4302181438179815,-0.9905880541362605,-0.1368769776205519
3.6706384696300205,1.3536676087271502,-0.991090292044724,-0.1331917152630135
3.138686549640795,1.2822191133431033,-0.9910480373622167,-0.13350575882896742
2.6514413275013737,1.2162685636180015,-0.9908331611127019,-0.1350912537487549
2.216835909211028,1.157010117575112,-0.9907534034199902,-0.13567495572767332
1.8347723824018942,1.1033136314964906,-0.9890605514340832,-0.1475100864243098
1.4894786180353634,1.049528734663454,-0.986003566239032,-0.16672422548601298
1.1712713578317135,0.9930021923546235,-0.9830072675640588,-0.1835666416216276
0.8845799460109163,0.9363964123201498,-0.9760852025545608,-0.2173883100675427
0.6438755203696331,0.8770482450616583,-0.9574355371024278,-0.2886471761396349
0.4469093599351055,0.8077359495832752,-0.9071356759949993,-0.42083828882017793
0.2896759678061045,0.7205431834864697,-0.7981512745603856,-0.602457088030037
0.1715834213079006,0.6117708970738249,-0.6036421907509442,-0.7972553578028816
0.08785143229384573,0.48874084427718856,-0.46665765527641834,-0.8844380321831008
0.037546327164591276,0.35360785295978303,-0.21466230402976896,-0.9766883306503825
0.007852306830798739,0.16636542365448292,-0.0763585566928767,-0.9970804234462638
34.55535558346507,46.07380744462011,-0.08737444341331362,-0.9961755400722373
34.532383274841266,45.98721371613821,-0.5159581626348999,-0.8566137836915878
34.47512215598434,45.92207342268838,-0.8626483149753332,-0.5058041959792527
34.36399564556724,45.88134469516701,-0.9198776982728244,-0.39220532915845324
34.226012785232484,45.83315689865898,-0.9681749828951043,-0.250274254561
34.03092938329324,45.790401542835944,-0.9856624651195782,-0.16872908716162818
33.7729243000547,45.75127653350433,-0.9917651306497903,-0.12807000283908862
33.44457902307596,45.71124423639467,-0.9935279330336493,-0.11358805519016676
33.04264969170222,45.66606096093435,-0.9939247521049623,-0.11006174245890087
32.57452716871282,45.61406533778062,-0.9939488616998395,-0.10984379966840783
32.05720538813317,45.558836199422664,-0.9948267643909372,-0.1015859677881677
31.499111562078596,45.50272467186095,-0.9951578325812143,-0.09828981764282553
30.91069814471905,45.44489954141155,-0.9952733318748036,-0.09711330938047162
30.302942684145947,45.38588453630624,-0.9954054628993889,-0.09574948788402639
29.681804479879034,45.3268219854529,-0.9957264169275971,-0.09235205808496605
29.03739736341474,45.26814589743629,-0.99623635240287,-0.08667831419117746
28.373212998638692,45.212586860996105,-0.9969456377717734,-0.07809862564624233
27.697456484024897,45.161729751666705,-0.9975466547431714,-0.07000479705497224
27.01174290175348,45.115865105190515,-0.9981458882053367,-0.060866952106866705
26.318933096666257,45.0765168875647,-0.9987866029827978,-0.0492475552904248
25.623470963648785,45.04564450823721,-0.999343075481581,-0.036241102177157924
24.939136279008565,45.02411705006161,-0.9997146420197619,-0.023887957872105275
24.266023567306803,45.009915840203796,-0.9998618163342705,-0.01662372511602625
23.587704139476628,45.00045473846841,-0.9999484134139645,-0.010157288560210547
22.890463831276023,44.99355733457987,-0.9999471459151841,-0.01028131198232575
22.164849977317843,44.9854064364635,-0.9999107029315847,-0.013363613391000588
21.41159328561342,44.97391740609961,-0.9998245296157677,-0.018732591347940867
20.648063161887833,44.95786543424773,-0.9996942191592,-0.0247278826363569
19.874978497885493,44.93711205347292,-0.9995407197028338,-0.030304284448589763
19.090897683394118,44.91159009551199,-0.9993278222810448,-0.036659290978205375
18.309934487161485,44.881316801351694,-0.9991182047648258,-0.04198586556820926
17.547538290168703,44.84736195516016,-0.9987951914823874,-0.04907306258693486
16.80166514328846,44.80880982423391,-0.9984730022935401,-0.055241865382374564
16.0408356466028,44.765393429044856,-0.9981919397280232,-0.0601070001081937
15.256358977357678,44.71592346512764,-0.9976566554346133,-0.06841927993644174
14.463273869248752,44.658174467654185,-0.9967897366162879,-0.08006385561807067
13.667140684314717,44.59139551921066,-0.9960971230650747,-0.08826393046698892
12.866502874394982,44.51879149623155,-0.9956545395884123,-0.09312377675431024
12.046605464004898,44.44132916541373,-0.9954380735838372,-0.09540986143842342
11.195583541340469,44.358200146074346,-0.9948446295305605,-0.10141086280178228
10.325567147376404,44.2663770921017,-0.9938233883792427,-0.11097329728543226
9.455232097996898,44.16621808472225,-0.9928584289973706,-0.1192985329703302
8.583042356548788,44.059156018623405,-0.9919033203852348,-0.1269952873485729
34.41912909118601,18.368598906779987,0.9582699050090643,-0.28586498413397704
34.882715728170055,18.22676871545037,0.9525218181349034,-0.3044703367768
35.31992622159183,18.083252319538737,0.9454754131988148,-0.3256934801873236
35.74124152919438,17.93297159047217,0.93476572418409,-0.35526474760464744
36.14690031365906,17.771588897193375,0.9182242325465928,-0.3960609280959442
36.53570791533659,17.59599571273538,0.8993662320164695,-0.43719604379328275
36.91014361994672,17.406449018263622,0.8802890381950278,-0.47443778225777183
37.26612583883755,17.207515332081975,0.8591745707032926,-0.5116825745096394
37.59856373428087,17.00119198499994,0.8319759721703462,-0.5548116632977421
37.90727026430167,16.785558874429533,0.7972756304398575,-0.6036154149015149
38.19179528679308,16.55864734533609,0.7532276181855637,-0.6577599525681862
38.44581139279509,16.323738454545484,0.6978459526791131,-0.7162478805060305
38.657351087961175,16.09250165275298,0.6340430197783629,-0.7732977751618936
38.83379847463337,15.863990982561539,0.5735918954526347,-0.8191412194921299
38.98681580712683,15.632874838829814,0.5150137057825109,-0.8571819426797121
39.12160616627355,15.394429800786533,0.4542018327896773,-0.8908988130480914
39.24366622882492,15.140473968924617,0.40133587322032216,-0.9159309563861686
39.35531064481586,14.870929676299504,0.3482869689955657,-0.9373879598266034
39.45405900612464,14.58657905440051,0.29610402391494406,-0.9551556977903541
39.540236189467635,14.289212187554433,0.2500570449303909,-0.9682311058216836
39.61442387189969,13.981411666685027,0.2092744947384576,-0.9778569352681216
39.67652049113012,13.668693294363742,0.1686088104400798,-0.9856830469486535
39.723682769385206,13.362722913724575,0.12494478244051009,-0.9921636968468932
39.7564567864015,13.06528851433145,0.09034272932395766,-0.9959107345833251
39.78128779957265,12.76492718822302,0.06789410019736372,-0.9976925333780894
39.799266980687875,12.456058242945439,0.04153765507443874,-0.999136939168459
39.80912601176408,12.139876129805138,0.013675362505832424,-0.9999064878579067
39.809541522854204,11.820714717759934,-0.02457475564419759,-0.9996979950890307
39.79591354768054,11.508735756961265,-0.07799325096231172,-0.9969538869999605
39.76511399503836,11.207520269205297,-0.14701049713322323,-0.9891349320151638
39.71087413652191,10.9150557723923,-0.24349843499659365,-0.969901289902333
39.626576941101035,10.627910969943123,-0.34447104142292223,-0.9387969437642026
39.50975077317982,10.344758626713109,-0.43981516710769475,-0.8980883134647899
39.35837707339857,10.062072842842873,-0.5166010867382036,-0.856226206782359
39.17168483325341,9.768144927835927,-0.5656075289645293,-0.8246745559180538
38.94657490016144,9.453829269914301,-0.6078079908819024,-0.7940840296971758
38.68879904109498,9.128710412781366,-0.6416773042887219,-0.7669747304577635
38.41136356886926,8.806675348321143,-0.670054100379248,-0.7423122675565565
38.11769105720879,8.49004355168433,-0.6974036404543471,-0.7166785627329896
37.80207142743406,8.176669876418309,-0.7292500247991132,-0.6842473246790907
37.459901376445416,7.866245504896035,-0.7588967375436266,-0.6512109809774708
37.09635295154858,7.564419956176586,-0.7856778997487789,-0.6186357877187091
36.71914914914129,7.2761243042312955,-0.8086984876057173,-0.5882233896609564
36.33647185035416,7.005778335517782,-0.8298331096539335,-0.5580116576937106
35.95069110503546,6.754069440555092,-0.8500727353534662,-0.5266653060613313
35.56354818602463,6.521360701135357,-0.8693013983320081,-0.4942823877683844
35.16747255158012,6.30569771107924,-0.893074471307692,-0.4499088671036462
34.757305399929606,6.108810433137158,-0.9145410497066597,-0.4044931005609873
34.32634579199892,5.926306637955953,-0.92926977660765,-0.36940178976768434
33.8567107697812,5.7459575671546546,-0.9399467247125725,-0.3413211899400732
33.3372516024471,5.563694306450181,-0.9492457069735967,-0.3145355111783038
32.76706963361151,5.3816534820474615,-0.9579842570149816,-0.2868207860519418
32.162298968612916,5.205892660343629,-0.9631991091739934,-0.2687889061818315
31.532125470086243,5.033411620924618,-0.9665184422847222,-0.25659715649927634
30.879929341597034,4.8631288117219995,-0.9691867112601852,-0.2463272593860988
30.211678262178694,4.695938004946633,-0.9716371308799991,-0.2364768189385238
29.521083939638444,4.530970714932145,-0.9740244067667188,-0.22644305028580905
28.798389398793844,4.364803966076288,-0.9755339594193264,-0.21984879808552998
28.058825442213376,4.20036381047381,-0.9771452703114062,-0.21257262454993772
27.321518795298815,4.042386050833237,-0.9788819620882522,-0.20442628084043798
26.587808023347066,3.890375854559373,-0.9795712839904769,-0.20109723911891067
25.848279670349896,3.739363250496119,-0.9800872859402252,-0.19856714717778262
25.113905208625297,3.5906508453901225,-0.9800104941007431,-0.19894580028846354
24.41151740343821,3.4474472871174484,-0.979247395553496,-0.20266854295053963
23.739942034464235,3.306917675818717,-0.9784155567906045,-0.2066470377966533
23.084975514684174,3.1679735862472356,-0.9778374988126947,-0.20936529300658555
22.438152408624276,3.0296342687547693,-0.9786997106359131,-0.20529704430697424
21.788636883567335,2.8966696827551957,-0.9809756815088616,-0.19413065777518135
21.126929129879983,2.7672045775139296,-0.9821064738980314,-0.18832650882861782
20.466171477088096,2.6426245744192656,-0.9837787256440556,-0.17938622848523866
19.801045496869975,2.5239060444526515,-0.9853239945797205,-0.1706945391788
19.122522520617125,2.408455532670466,-0.986625527984952,-0.1630032745941462
18.419770714062622,2.2950994796384308,-0.9884944376719379,-0.15125722029589012
17.711896822444572,2.189534120281131,-0.9899046888384059,-0.14173463590717272
17.024015612832045,2.094017993169224,-0.9913786421311539,-0.13102819515733768
16.34051377911969,2.0055587600020104,-0.9922038905292632,-0.12462519656391302
15.652444860369414,1.9205664218772185,-0.9929465638780111,-0.11856273142455324
14.944326582187571,1.8378918133339326,-0.9937367621483025,-0.11174635365419269
14.217498288593191,1.7579656664978884,-0.9941435772531855,-0.1080673299672001
13.484264063275646,1.6765111593438817,-0.9934931692175165,-0.11389171487924372
12.756316394941706,1.5931050262696331,-0.993645953432066,-0.11255096280388138
12.029433333518227,1.5121597845411188,-0.9942666235747413,-0.1069293282747251
11.298457089668943,1.4354266554578246,-0.9949111035301341,-0.10075661800820221
10.574871608733389,1.3631003696781576,-0.9952583735305138,-0.09726648917996523
9.881481764878828,1.29674882554216,-0.9957583800311247,-0.09200678560731383
9.230192012958781,1.238057265086475,-0.9963634330399116,-0.0852051013785061
8.601294616731295,1.1853335573906278,-0.996658978124309,-0.08167546341593579
7.9873730788326895,1.1354090994014072,-0.9967063187243206,-0.0810957102133841
7.379615804014449,1.0859175143321167,-0.9966766653841487,-0.08145934371656639
6.78162325109669,1.0365197710058496,-0.9964359461200731,-0.08435286171668795
6.1998526385745265,0.9854299474195685,-0.995575824287535,-0.0939615777549272
5.621607601667307,0.9283143942285719,-0.994393191661403,-0.10574582912554151
5.0463231342569514,0.8642642960648246,-0.9928361542041534,-0.11948376837506666
4.483186762577731,0.7928986662887425,-0.9906550011505644,-0.13639160053087956
3.95178893133982,0.7159181574583258,-0.9876669181816031,-0.15656966094890304
3.4616545326697974,0.6345170597125289,-0.9845296941799592,-0.17521781096086092
3.001086369667277,0.5499018780531699,-0.9820301012288235,-0.18872434999359947
2.5650246306509388,0.4646385973385847,-0.9806011270441736,-0.19601385063228696
2.1495538953106177,0.38103682862944055,-0.9800318462661812,-0.19884059018243772
1.7395923969684333,0.29821883456619247,-0.9796142677696363,-0.20088774572422138
1.3655732575210777,0.220118503994577,-0.9783586646040353,-0.2069162231295765
1.0351612492919884,0.15163024904839517,-0.980952491340722,-0.19424780496167932
0.7484202449993518,0.09656005138698731,-0.9839527135955114,-0.1784294185610358
0.5073356074992148,0.054354187470053716,-0.9868575412910663,-0.1615926768048337
0.30126337676385617,0.02012548275910575,-0.9838876103701669,-0.17878805933306247
0.1628853458998094,0.00024175204908516434,-0.9999653678876542,-0.008322441066675164
0.05684621313814375,1.4210854715202004e-14,-1.0,-3.3077203997873307e-13
38.51482341073711,46.433759065281194,-0.028459107340132957,0.9995949575750184
38.50382983800911,46.559661904697734,-0.18928253259866834,0.9819226664320536
38.47519508221846,46.66814539150808,-0.38196618823050094,0.9241762986836772
38.431227027009825,46.74973770861281,-0.4283554464377689,0.9036103206067866
38.386108863075165,46.83152661784332,-0.5771223353061977,0.816657706809114
38.32882184490772,46.901089522803105,-0.7290515880522899,0.684458751100776
38.25655534520689,46.958744530554924,-0.8612069550687,0.5082544446842526
38.15399766903715,47.0058021266952,-0.9551424546675273,0.29614673945814524
37.99977510062793,47.04458405085337,-0.98347948766134,0.18101960487579297
37.787658080700425,47.0776797450944,-0.9927154694934847,0.1204823498622533
37.51334649957772,47.1048929967896,-0.9975251725487612,0.0703102420104238
37.17184683762365,47.12446502769055,-0.9992059230338368,0.03984373694946718
36.75894225993079,47.137637107424865,-0.9997723395738084,0.02133703407490322
36.273385646722346,47.14583134978348,-0.9999393860953789,0.011010183249911551
35.73237970147386,47.15043036561967,-0.9999868113731856,0.00513586211738794
35.14405262606519,47.15264337339124,-0.9999980617869734,0.001968863199120624
34.51550935366575,47.15346752707299,-0.9999998705345303,0.0005088525549341435
33.850015813802614,47.153652039648776,-0.9999999990780364,4.2940975573771925e-05
33.133920770023266,47.153662306603366,-1.0,0.0
32.37844506831502,47.153662306603366,-1.0,0.0
31.617560870392794,47.153662306603366,-1.0,0.0
30.863082971740397,47.153662306603366,-1.0,0.0
30.11672990494091,47.15342023676678,-0.9999971047583558,-0.0024063405631676465
29.355654835605463,47.14969745665337,-0.9999559143498148,-0.009389853929953984
28.589016224708544,47.14002686426906,-0.9998297949699907,-0.01844941978129286
27.83583930706041,47.12316510330177,-0.999577004474324,-0.029082849346955143
27.08385045314671,47.09816340140941,-0.9991914446148887,-0.0402051863372333
26.323478906614255,47.06435137004296,-0.9986806076188295,-0.05135215639177689
25.548496930915363,47.021366135672096,-0.9981080281181285,-0.06148466643108251
24.770814189591007,46.971437682629286,-0.9977034943440305,-0.06773283822276502
23.998674173162854,46.91767513436402,-0.9974174643904963,-0.07182201423542284
23.224815650386788,46.86141000665417,-0.9973133677874014,-0.07325330321938729
22.433088344153774,46.802811182021074,-0.9971535835059077,-0.07539715446438904
21.611346983897874,46.73898967162553,-0.9966499628367207,-0.08178539953783613
20.754378824498232,46.66539234346817,-0.9957270507918398,-0.09234522359810861
19.882584844740563,46.58060538796083,-0.9944909907527274,-0.1048220840837404
19.02401681590564,46.485649652751746,-0.9929489711473772,-0.11854256913600697
34.22215497328253,20.64057909336718,0.977094436804077,-0.21280615960663252
35.01008766227618,20.464869509428596,0.9743079547582554,-0.22521991318439272
35.79373990013299,20.28037647457235,0.9719148729679299,-0.2353327000306857
36.56532275199976,20.089788218907728,0.9681479152536204,-0.2503789411872903
37.29649612399153,19.89111542144741,0.9588571468352173,-0.2838890134595325
37.98434277748753,19.677880633782095,0.9485983935062394,-0.31648236576052974
38.62598382313821,19.454309552759355,0.9362070663512978,-0.3514488994347496
39.216947383512476,19.221686606416412,0.9194215585607863,-0.3932734387848412
39.7531629230124,18.979641697766425,0.895761217956561,-0.4445355333434868
40.23278103561971,18.727448173671945,0.867989167977557,-0.4965831292680294
40.674269764587066,18.46662896421381,0.850049709898205,-0.5267024688588213
41.07793834069906,18.20799851672804,0.8252915136082909,-0.5647069306871806
41.437944536268915,17.949679940322156,0.7871088820419917,-0.6168140788038209
41.75407875919916,17.686335044567045,0.7317725520634897,-0.6815489212422592
42.02484774520562,17.4145905356648,0.6566139837537601,-0.7542268069612859
42.2502419874065,17.13188573096133,0.5629480069813505,-0.8264923117825873
42.432630354944834,16.838517741332453,0.47414796396980324,-0.8804451761826458
42.58604329267436,16.536752673766543,0.42490523238193534,-0.9052378380814919
42.7266792608705,16.22463771950362,0.38721180161698115,-0.921990792084461
42.85611597358324,15.903627580544821,0.35272365860112515,-0.9357275354840409
42.976049106230846,15.572825026285813,0.32202655857050766,-0.9467306351730863
43.088302724627724,15.231201287250713,0.29766614336318115,-0.9546700304792699
43.19573265134039,14.878146995331633,0.2802079320710632,-0.9599393287101318
43.29983384991405,14.509885488460256,0.2586980453777729,-0.9659582399450402
43.3967114045423,14.136870353033714,0.23939683044865226,-0.9709218081653843
43.48458477043101,13.772032202801967,0.2270672719134547,-0.973879075668936
43.56486532397287,13.42391346511124,0.22200840412116282,-0.9750447520496557
43.638990876901275,13.097887380166767,0.2219899073149899,-0.9750489634117265
43.70711636291955,12.794469497873393,0.2011861572520601,-0.9795530256857713
43.75880175717991,12.499296948158758,0.11105378258559453,-0.9938143978497351
43.779020123106804,12.199878483997551,-0.002761885822494395,-0.9999961859860784
43.76527504547259,11.88543841113625,-0.10904998797854404,-0.9940362670053238
43.7154164793256,11.550165188136958,-0.20655113841637268,-0.9784358063863465
43.62621887326445,11.19096686666613,-0.2949014737456058,-0.9555276661524091
43.49300902118105,10.80603029070167,-0.37728678758681183,-0.9260964744088079
43.3162706177563,10.404557925950044,-0.4373200868939565,-0.8993059221416606
43.106423928222156,9.992033745294307,-0.4782772089406024,-0.8782089224142439
42.86546457398828,9.566082054550805,-0.514863531275539,-0.8572721529143952
42.59075933810588,9.124958145061825,-0.551484015501877,-0.8341854593829393
42.27756486975137,8.669706125711812,-0.5922507060972745,-0.805753747200272
41.92148231934932,8.204478116784983,-0.6337105332262182,-0.7735702683519723
41.529163002784955,7.745582082104221,-0.6751660008843919,-0.7376658262721524
41.11335648679719,7.308974357711122,-0.7137001537921367,-0.7004513476873896
40.68226723292041,6.903529657078877,-0.7532808619327882,-0.6576989760109071
40.2413781696402,6.536391222733158,-0.7936623520798188,-0.6083585052344792
39.79574176913606,6.2117877242628765,-0.8320344718112732,-0.5547239292817063
39.350624319203504,5.931410528165557,-0.8692386840979655,-0.4943926678942937
38.89857532084518,5.6872563639288245,-0.8951843166141039,-0.4456961288682456
38.42261317059764,5.4616317131880265,-0.9164074005052615,-0.40024676925515507
37.91263256434742,5.249229954555858,-0.9328917413203542,-0.36015690882763496
37.366879688747716,5.046857180914941,-0.9441541778060409,-0.3295040038169475
36.7881584670685,4.850340763183837,-0.9504487483813039,-0.3108812903672605
36.181189910319134,4.654921326186738,-0.9538787744740881,-0.30019207785651514
35.548644806013186,4.457967583768109,-0.9565229522967372,-0.2916570618543873
34.89739809788867,4.2621958016824095,-0.9594130312074405,-0.2820046729211251
34.23449437396289,4.069678630108385,-0.9617417463190525,-0.27395768539535287
33.56356813029781,3.880704160209092,-0.9638922802546382,-0.26629245589297834
32.88657061377198,3.696094541343939,-0.9662975912494317,-0.25742759204394977
32.205017181549835,3.5168695854469973,-0.9680489095150775,-0.25076145793695914
31.531178051249455,3.3423192192700952,-0.9685260153097643,-0.24891234936858858
30.865981499837943,3.1748634065819914,-0.9716359478336871,-0.23648167979218296
30.19326078005595,3.0145589631198533,-0.9748317929313063,-0.22294164144532239
29.506683220985607,2.8621202139720054,-0.9785552030200584,-0.20598474371266526
28.80587531361023,2.7198301895832913,-0.9823554309191668,-0.18702354756451964
28.09302989122125,2.5897206240055084,-0.9859543583396527,-0.16701497918164016
27.369882440234747,2.473152645749238,-0.9892501579588256,-0.14623311861010982
26.62430301210283,2.367503123643033,-0.9911901362141058,-0.13244664537791306
25.85379448679967,2.2678923616382605,-0.9925303203400678,-0.12199820984605594
25.061424465104423,2.1730109807938334,-0.9934785306571092,-0.11401933662055466
24.247380966766443,2.081885849840276,-0.9942947063568434,-0.10666788134559729
23.408207270162364,1.9943475499543837,-0.9951144947927878,-0.09872761646719977
22.53489827503452,1.90993288011515,-0.9956854631805381,-0.09279255579494267
21.62578724939422,1.8257436844366453,-0.9957871517051361,-0.09169486626290459
20.721103540220597,1.7445162745665073,-0.9963205084857364,-0.08570556790969694
19.83604219073409,1.669871176172009,-0.9966570862128827,-0.08169854650877517
18.972176119093035,1.5998046132259987,-0.9968083086140773,-0.07983229846335753
18.126375500826768,1.5321863599805,-0.9968134109712575,-0.07976856340593469
17.295708428110345,1.465843928311358,-0.9969306301051254,-0.07828996588451002
16.49097483693869,1.4033800313107463,-0.9971647396855723,-0.07524946463467289
