-0.5783702716213959,1.3804490005522874,-0.9427061272193755,-0.33362427624956587
-0.6054016638252592,1.3715503793347346,-0.9011686544289172,-0.4334686335535418
-0.6271313755399733,1.361458040636778,-0.8847560810584635,-0.4660543713238508
-0.6451796495455878,1.3514587188853464,-0.8679454071514768,-0.4966596120127519
-0.6644789970902278,1.3395680525545743,-0.8412883931258828,-0.540586569932763
-0.6825272710958422,1.3251194201943661,-0.789006346075481,-0.6143850468986192
-0.6993244715624312,1.3110273527958374,-0.780361925976109,-0.6253281254564341
-0.7189109507389787,1.295617545321538,-0.7740312071725042,-0.6331474475373615
-0.7370617717559887,1.2807968451752303,-0.7757186398187204,-0.631078910943627
-0.7566585056336756,1.263836755258849,-0.7375370951374633,-0.6753066216883944
-0.7760501454885718,1.246644122976155,-0.7310654102264436,-0.6823073837871328
-0.7951854178149789,1.2287538635945239,-0.7354465547141659,-0.677582736762872
-0.8116134490405439,1.2144912651273654,-0.7574686803395518,-0.6528715021385585
-0.8289131298629709,1.2002751751334695,-0.7679321497188832,-0.6405311962958048
-0.8451565764680238,1.1850514015522202,-0.7751062019162651,-0.6318309708703286
-0.8638201325420115,1.1677657523230012,-0.7489194372482819,-0.6626610570357342
-0.8838475638675598,1.1507901595821983,-0.7250703066108577,-0.688674851051813
-0.9019471113788721,1.1341246233298128,-0.7293691754941503,-0.6841203153239812
-0.9226000794739331,1.1153972114294572,-0.7287429246457294,-0.6847873755982865
-0.9426890390063186,1.095662115941748,-0.7403670750631914,-0.6722027924386916
-0.9630651301706119,1.0771362407588632,-0.7242417999640679,-0.6895460935896939
-0.982313204209554,1.0586103655759782,-0.6989258943372499,-0.7151940954907803
-0.9998179790547721,1.0400844903930935,-0.6704904175692648,-0.741918189524824
-1.0157640393267777,1.0227678355150334,-0.6875185120798962,-0.726166851038689
-1.029638649968594,1.006815429186005,-0.6309443683124335,-0.7758280763769925
-1.0410316229346386,0.9925373278944258,-0.5928106210646756,-0.8053418948204007
-1.048835450501839,0.9792359045413586,-0.5113622168809214,-0.8593652792303337
-1.0582185020445305,0.9604154756944782,-0.4186638533698834,-0.9081412763890212
-1.0667811774960576,0.9388045384518491,-0.370817371971582,-0.9287058073707138
-1.0768923128196577,0.9147131493018883,-0.35617098277291415,-0.9344207997634559
-1.0871880327637693,0.8908232968693983,-0.3501853473637772,-0.9366804270890423
-1.097206875777113,0.8663908455821794,-0.35090242214200984,-0.9364120301100743
-1.10579006063092,0.8430901004776807,-0.34605679295914554,-0.9382135663306256
-1.1141476420596559,0.8191692423963491,-0.34580010332325595,-0.9383082055175823
-1.1220232525348333,0.7952483843150174,-0.34292356384565165,-0.9393633106308747
-1.1284632048504726,0.7719476392105187,-0.3103920831970271,-0.9506086232980477
-1.134082781074948,0.749887120059686,-0.25356601585975375,-0.9673180839832424
-1.1394972632766323,0.7308961601441764,-0.17789225178164478,-0.9840499716762641
-1.144552830938432,0.711006036412259,-0.16818890840213868,-0.9857547824334899
-1.1490956635432548,0.692046082145591,-0.15309594726636414,-0.9882113290843284
-1.1529719405740062,0.6734736984894435,-0.23365769097061773,-0.9723189206480964
-1.15839667747683,0.6523743544527018,-0.29937006666860383,-0.9541370777738571
-1.1646212810685392,0.631631575377639,-0.3491447977641319,-0.9370687862661116
-1.1709997051773418,0.6107027624095265,-0.33189723399400917,-0.943315549573485
-1.1776857703203307,0.5892003449378431,-0.30138928932643005,-0.9535011779118626
-1.184064194429133,0.565682560291453,-0.24915890477754718,-0.9684626168159787
-1.1895196954353755,0.5434980185452537,-0.21024490057885736,-0.9776487517409238
-1.1950059605450367,0.516771149243753,-0.146348487293115,-0.9892330970337664
-1.1992103880122535,0.48779637040123247,-0.09379648843108349,-0.9955913914643888
-1.2000205094022782,0.46007732033679877,-0.04523932766609365,-0.9989761775099143
-1.201425403458397,0.43026538897555394,-0.04212292423822688,-0.9991124357416539
-1.2035788906977034,0.4021742711250206,-0.06354910167951838,-0.9979787130373704
-1.2059374719598008,0.37160270136715534,-0.07068543135655528,-0.99749865653741
-1.2087575147731782,0.33909327855668703,-0.10690468678478239,-0.9942692733578
-1.2130952533552097,0.30876975398955503,-0.13210208485280123,-0.9912361167640854
-1.2177406329714275,0.2767409187361322,-0.15251653118352304,-0.9883009196169684
-1.2222834655762498,0.24506864844438858,-0.1607756855461483,-0.9869909720646719
-1.2263135631240945,0.2111794742604669,-0.16237266246931206,-0.9867295062389829
-1.230989706843731,0.17592605152751273,-0.13654181240237162,-0.9906343086456654
-1.234404522323202,0.1424244479541117,-0.09432985988173351,-0.9955409974153212
-1.2377167907912778,0.10915538674702302,-0.054949355777157594,-0.998489142805106
-1.240516324202376,0.07339037080818167,-0.02931899120209586,-0.9995701059730085
-1.2423929345109144,0.0416715920431754,-0.023692934761045063,-0.999719283020193
-1.2429364336713105,0.011270553353939165,-0.052600941059501874,-0.9986156122350855
-1.244874572186686,-0.019332022052767767,-0.05568756822720502,-0.9984482433981945
-1.2464025226564797,-0.04702006646835973,-0.060128524386123545,-0.998190643391906
-1.2473151910579,-0.07568478882246354,-0.07707302338967832,-0.9970254505606033
-1.2489764526425076,-0.10579127384770415,-0.06685918966508571,-0.9977624209987707
-1.2504838937100218,-0.13200654994331776,-0.048477533829877587,-0.9988242731901207
-1.2517349672490474,-0.16180297848014183,-0.026217663272918527,-0.9996562579869682
-1.2526271262481885,-0.19101029968897454,-0.005894896377403957,-0.9999826249474035
-1.2530578236960497,-0.22246553043882686,0.009741896836777897,-0.9999525465970981
-1.2529245125812356,-0.25547104363076145,0.013746564214946229,-0.9999055115221059
-1.2521246458923503,-0.285748059724631,-1.6187303464914438e-15,-1.0
-1.2521246458923503,-0.31940469154224044,-1.6266861707244908e-15,-1.0
-1.2521246458923503,-0.351960622825971,-1.6425077110711336e-15,-1.0
-1.2521246458923503,-0.3846250738806476,-1.5552768414830057e-15,-1.0
-1.2521246458923503,-0.420824168903272,-1.5172959785116995e-15,-1.0
-1.2521246458923503,-0.45697675545263383,-1.4506047208642315e-15,-1.0
-1.2513247792034652,-0.49171858497970106,0.011937459154771323,-0.9999287459958975
-1.251191468088651,-0.5293284370246203,0.00790923555427313,-0.9999687215073013
-1.251622165536512,-0.566922786245119,-0.004839507035922818,-0.9999882895172568
-1.2525143245356531,-0.607307643861366,-0.01968095186045923,-0.9998063113092787
-1.2537653980746788,-0.6497078686523201,-0.03353103142049902,-0.9994376768622832
-1.2560727058310783,-0.6921390990921159,-0.051975262386213555,-0.9986483726016301
-1.2578672785305003,-0.7372523181567142,-0.0534005541918503,-0.9985731724876266
-1.2615487162396002,-0.7830631643202496,-0.07224179314385466,-0.9973871481643226
-1.2627177521695094,-0.827633784530119,-0.04288878508334528,-0.9990798527215303
-1.2632817607321847,-0.8701890375652813,-0.007601010885442299,-0.9999711118994985
-1.2606155384359006,-0.9123257143410815,0.06808453067490747,-0.9976795561114689
-1.255231820337635,-0.952214481575862,0.16826635732420525,-0.9857415650122717
-1.249243074872136,-0.9903979381243517,0.24460324570424324,-0.9696232527074365
-1.2410290592593534,-1.0274651913145425,0.29962777318156053,-0.9540561815418731
-1.2306410470049856,-1.0593700039725988,0.3228833666338125,-0.9464387627053401
-1.2198018279004774,-1.0938172798356702,0.33646294839217095,-0.9416967050803817
-1.2072705831079427,-1.1270708382183374,0.3314730555247398,-0.9434646858579778
-1.195775063130503,-1.1615026112569884,0.3148854792378391,-0.9491296723657713
-1.1843103072564822,-1.1926322826940032,0.29342723506531326,-0.9559814107616975
-1.1735428710599511,-1.2254052535196256,0.29176535175906654,-0.9564899265088516
-1.163472754540909,-1.257914676330094,0.2858019513793785,-0.9582887062820574
-1.155002371399638,-1.2871995116610306,0.3432293025090834,-0.939251641414125
-1.1429325881583832,-1.317305996686271,0.3864154099615028,-0.9223248510933032
-1.1313345211695478,-1.342901159805052,0.44094703266876023,-0.8975331271772733
-1.1173778729186152,-1.3702481420833856,0.4655702206305446,-0.8850109432442211
-1.1029700178175423,-1.396230875812687,0.465830625551427,-0.8848739053098843
-1.0878238242344218,-1.4247405699225826,0.504544992583722,-0.8633854008834594
-1.07178547165216,-1.4550330888408733,0.5060181013261085,-0.8625228583233723
-1.054034583979592,-1.4852015851637967,0.4937115782466232,-0.8696257111569485
-1.0354223014113022,-1.5203464881258053,0.48321723377787507,-0.8755004882808796
-1.0146360222014272,-1.5551348261261349,0.4883386158878189,-0.8726542248982522
-0.9936036301642024,-1.5900781923706724,0.5085084419480418,-0.861057004191694
-0.969720431210182,-1.6256881800653056,0.5382044491261351,-0.8428143158138887
-0.9458167228538826,-1.6602129700504813,0.5858429031381609,-0.810424637361582
-0.9224565136579794,-1.6931099634714697,0.6306075546908253,-0.7761018695808288
-0.8987373899221919,-1.7214646293371574,0.6598056336639175,-0.7514363085354315
-0.8753566713240093,-1.7493232048213783,0.6837961350979485,-0.7296731087446681
-0.8539140912412028,-1.7737246504597555,0.6753124774073689,-0.7375317334582437
-0.8299796187814844,-1.7999244237309486,0.6796691065850003,-0.7335188515327656
-0.8045274505531123,-1.8263257337196117,0.6792021767840454,-0.7339512266164656
-0.7792291028418333,-1.8539052583642577,0.6549529129980456,-0.7556696909069296
-0.7549562252445098,-1.8803685796506049,0.6646159735758949,-0.7471851227559108
-0.7310114980836521,-1.9071574602497894,0.6655210108892526,-0.7463791155069568
-0.7089946547370305,-1.9324425668801533,0.6898858904997469,-0.7239181294106202
-0.6866701703562222,-1.9533403741994242,0.7226368574534118,-0.6912278728826386
-0.6633714893671563,-1.9739746335035415,0.774489746463854,-0.632586462566466
-0.6392011587812282,-1.9926710397550547,0.8184799034186087,-0.5745351579319278
-0.6174304282619558,-2.0089645082213416,0.8369149999179101,-0.5473328812636826
-0.5937318139284473,-2.025971106610986,0.8554833836880483,-0.5178302619909806
-0.569981926089241,-2.0411638745433938,0.8485006897088441,-0.5291942739331331
-0.5472882724674089,-2.0545428120185645,0.8520726258934485,-0.5234235762774194
-0.5221232358709439,-2.0674256591122693,0.8678689830631917,-0.49679314431346716
-0.49312294104828625,-2.0824944044493106,0.8722257245153696,-0.48910355293499824
-0.46412264622562827,-2.096788008565311,0.886030216739754,-0.46362749597506026
-0.436558009562508,-2.1121358047419263,0.9017677733992822,-0.43222087277050936
-0.4118954533218815,-2.1257782902322515,0.8980153355604651,-0.43996415433331043
-0.3901349775037487,-2.137327894425766,0.920594701291087,-0.3905193925463556
-0.36977939574173463,-2.146397046711948,0.9241264090447247,-0.3820868750769937
-0.3516285747247247,-2.1525981764802777,0.9133745615473304,-0.4071202651775296
-0.3333444425929005,-2.160287577393006,0.9001507508608632,-0.43557849548000466
-0.3156243190237519,-2.1681785150232056,0.8942145097041923,-0.4476387054695907
-0.29756579031699787,-2.1763485034929797,0.9151786389877823,-0.40304845706251063
-0.27819465986438097,-2.1826116445589934,0.9565568143016759,-0.29154598438844753
-0.25880302000948513,-2.189417384479735,0.9707677395840251,-0.24002082364437166
-0.23758604335174863,-2.1944713052409233,0.9734422936327535,-0.22893252492165503
-0.21423608885698492,-2.2012770451616652,0.961209258104843,-0.27582016266679454
-0.18991193775396353,-2.209912118364064,0.9489681943284898,-0.31537179035691437
-0.16654147385692084,-2.218237135078047,0.9251331056384264,-0.37964290702158504
-0.14538602540602152,-2.2276938579747494,0.9124137282445105,-0.4092690905882735
-0.12474331201209997,-2.236297925528307,0.9198075492653147,-0.3923698157536279
-0.1029110532859902,-2.2432741965176777,0.9255244357981052,-0.37868789093473715
-0.08115057746785727,-2.250219461858207,0.9473746352771995,-0.32012700672294625
-0.06298950174970773,-2.2553043882682378,0.9656043105987838,-0.2600159905718246
-0.043485060182276644,-2.260280794907322,0.9904442859061007,-0.13791343848934506
-0.023796033994333582,-2.263474376738012,0.999866590428165,-0.016334054780001796
-0.005778524092137737,-2.2644200490276822,0.9982684901933216,0.058821947325349754
0.011777524258778068,-2.2626527270437085,0.9997013533939504,0.02443775812761621
0.02928229910399618,-2.2624511903262374,0.9993154146808044,0.03699597250149929
0.04871495776345032,-2.2612419700214135,1.0,-3.957827869373971e-15
0.06745029674541488,-2.2612419700214135,1.0,-3.861796625346015e-15
0.08669837078435703,-2.2612419700214135,1.0,-3.8048593812996856e-15
0.10610026534039257,-2.2612419700214135,1.0,-3.5117908883384898e-15
0.12449719918475183,-2.2612419700214135,1.0,-3.373363496249348e-15
0.14453488521143967,-2.2612419700214135,1.0,-3.4745706657565794e-15
0.16492123107687232,-2.2612419700214135,1.0,-3.5547490304976164e-15
0.18655865048133063,-2.2612419700214135,1.0,-3.4229452038496576e-15
0.20627844077269233,-2.2612419700214135,1.0,-3.303781920774067e-15
0.22994629100278224,-2.2612419700214135,1.0,-3.1388033903502588e-15
0.25715201312601804,-2.2612419700214135,1.0,-2.7467193643223005e-15
0.2851473472369997,-2.2612419700214135,1.0,-2.3866113646625747e-15
0.3157883942419859,-2.2612419700214135,1.0,-2.2135177987088896e-15
0.3462961301321582,-2.262451190326238,0.9998097209887281,-0.019506968407252596
0.37932652250266036,-2.2626527270437085,0.9999113064112829,-0.013318382442383819
0.4098342583928326,-2.262001608418034,0.9999629731368804,0.008605367816110283
0.4396754387089338,-2.261862082998246,0.9998183580758914,0.01905914096775118
0.46833732839398623,-2.260172275136376,0.997835417235393,0.06576077942565031
0.49373822311666066,-2.258451461625665,0.994497803736925,0.10475742628774627
0.5176316767718208,-2.2560020153671747,0.9884661517461506,0.1514419586909641
0.5402740568879549,-2.251072117201353,0.9706614539664067,0.24045028963139461
0.5620242780049484,-2.24670032071468,0.9629968919738371,0.2695124970177268
0.5809749657108435,-2.239072931099634,0.9442022911624178,0.32936610840163943
0.6037916757463506,-2.2303293381262894,0.931072196493719,0.3648349831312255
0.6272749413559284,-2.219182807367717,0.9020812137235977,0.4315663145415325
0.6506248958506923,-2.2079277568381994,0.8915436413824839,0.45293480271498343
0.6753387255970166,-2.195432480355015,0.8814883231798218,0.4722058196354913
0.6990475946316645,-2.1841464241766553,0.8721195494304145,0.4892928484060348
0.7232179252175926,-2.170720978228221,0.8751776445628828,0.48380170571977543
0.7461782010690533,-2.1600240293778517,0.9113379672256314,0.411658972321816
0.7708920308153777,-2.148861995794859,0.9190308407189219,0.39418563368985393
0.795790445182214,-2.137622448089761,0.9342028612263203,0.3567422235684425
0.8202068885954911,-2.12669295687308,0.923681090165691,0.3831621636726681
0.8419776191147634,-2.116461092755336,0.908901067135681,0.4170118105756963
0.8619742863368931,-2.1061517145154878,0.894014421374357,0.44803818405876233
0.8825657262251169,-2.096152392764057,0.8505301274310714,0.5259263278559894
0.9022855165164785,-2.084478765975176,0.8518280185511667,0.5238215600862505
0.9244049068744957,-2.0737818171248077,0.8550595847546048,0.5185297547096821
0.9446271775216958,-2.0620771846870856,0.877380937948002,0.47979442444184833
0.9649622498814308,-2.050961659577355,0.8752347905520839,0.48369831652306816
0.9836565700588371,-2.039815128818782,0.8794323883109847,0.4760238170403214
1.0005563175368215,-2.0281725076787422,0.8576289846454428,0.5142689225454198
1.0162767743837573,-2.015723739668821,0.815236849338894,0.5791276884073091
1.0330021919423693,-2.002313796544808,0.7186482985538203,0.695373729001678
1.0498814300180745,-1.985570746170318,0.6415178241842224,0.7671081287888565
1.0668632151051753,-1.9667038088501747,0.564840698728716,0.8251999667108912
1.0823273044236221,-1.9446587925237624,0.5270880810310519,0.8498106582262918
1.0969197441452072,-1.9219626575716762,0.5465919822757775,0.8373990714777728
1.1120556830271886,-1.8989254604823316,0.5824744946318302,0.8128489792719149
1.1300219194236865,-1.8736403538519673,0.6120166920729209,0.7908448448489246
1.1486034378885577,-1.8489443545495945,0.6305259886129541,0.7761681375086567
1.1687539256277806,-1.8242483552472215,0.6240011346938223,0.7814234344456419
1.1867919449322555,-1.8013816892265058,0.6216817415379208,0.7832699485096936
1.2035686359965654,-1.7799567858769265,0.611979127739128,0.7908739135991627
1.2198325920038975,-1.758531882527348,0.593221890185986,0.8050389984368248
1.2363324061374392,-1.7356652165066322,0.5771201014828579,0.8166592854210473
1.2515503826285368,-1.7133411493406454,0.5715904900527469,0.820539037268344
1.2671067642572398,-1.691172110418867,0.5562679397524142,0.8310029959053122
1.2823555048517559,-1.668770529130776,0.5444070568249965,0.8388211707385222
1.2990501583069496,-1.6445396145610283,0.5516977422463899,0.8340441242525696
1.3144117006140013,-1.6203086999912795,0.5588641185366433,0.829259245961274
1.3295989130016799,-1.5991163390080132,0.5694414497804748,0.8220318943154888
1.3443041544357999,-1.5771488368037054,0.5576610414416584,0.8300687699571675
1.3575224642046844,-1.5541736510120434,0.5105100482553223,0.8598717873208475
1.3698178508710095,-1.5311674595715403,0.4552589995100015,0.8903590530595802
1.3817850871008683,-1.506843528055268,0.4049029113857095,0.9143596843427516
1.3917526566085143,-1.4834962744775066,0.3657175575006585,0.9307258823819999
1.401986848345789,-1.4600405011287994,0.35609246118551546,0.9344507258742122
1.4117903426352023,-1.4343833267123354,0.3285487989813093,0.9444869965690047
1.4213682334995452,-1.405749610007073,0.30240076565364715,0.9531808731463762
1.4302590593875382,-1.3734727295629174,0.27273598564981416,0.9620889159176631
1.4381039057592968,-1.3392579960661584,0.2492074677160742,0.9684501216038656
1.4462153743606838,-1.3024387880667008,0.2141837949265415,0.9767933773275007
1.4537423249971164,-1.2681930489211002,0.17334606617016224,0.984860975642415
1.4583671952110553,-1.2336372532870832,0.12204929234859811,0.992524040130619
1.4616076807711544,-1.2006317400951485,0.06811669085492673,0.9976773608872632
1.4649814774460674,-1.1675022043078471,0.04315058399937159,0.9990685797784421
1.4661710227782556,-1.1384189056943814,0.05894965101605278,0.9982609571875911
1.4690628484996096,-1.1082814150202989,0.08972770475270589,0.9959663342702961
1.4730109084383374,-1.078996579689362,0.1279964280204129,0.9917746288416613
1.4767026008485769,-1.0512620268005077,0.17281192905841994,0.9849548401704047
1.4811941599477014,-1.0269846037574972,0.18979497832913628,0.9818237449771944
1.4852755310012438,-0.9999011694943173,0.19295521630190837,0.9812075644336848
1.4901054952379735,-0.9693916110341352,0.16741052367190828,0.9858872737610003
1.494576544934819,-0.9368976910480878,0.13355151646163127,0.9910418721985456
1.4983810390575933,-0.9072872964043137,0.09437931345252677,0.9955363103333948
1.5012113365721103,-0.877366845272123,0.04405893239102395,0.9990289337534541
1.502759796444183,-0.8511050607032469,0.0023451463758191724,0.9999972501404572
1.502718777639625,-0.8208745530826399,-0.009396447372415198,0.9999558524138841
1.502349608398601,-0.7906440454620327,-0.010946465925814537,0.9999400856470025
1.5022162972837867,-0.7643822608931565,-0.016156909278741596,0.9998694686220589
1.5014164305949016,-0.7380429622021765,6.289198178343632e-16,1.0
1.5014164305949016,-0.7075799122152568,6.076165014901981e-16,1.0
1.5014164305949016,-0.6793802745937776,5.975619443673938e-16,1.0
1.5014164305949016,-0.6481885918590795,5.716067467811657e-16,1.0
1.5014164305949016,-0.62054705591675,5.621394204990424e-16,1.0
1.5014164305949016,-0.5867664015037741,5.500646201672962e-16,1.0
1.5014164305949016,-0.5511254081602992,5.317841419634815e-16,1.0
1.5014164305949016,-0.5179028554264729,5.343079472557893e-16,1.0
1.5014164305949016,-0.48452527444843846,5.039038858384718e-16,1.0
1.5014164305949016,-0.44841919637233907,4.95219227677886e-16,1.0
1.5014164305949016,-0.41628184134797047,5.02643784420041e-16,1.0
1.5014164305949016,-0.3820050965535282,5.363423129164406e-16,1.0
1.5014164305949016,-0.3500692782466305,5.7777393074694705e-16,1.0
1.502216297283787,-0.3192651661224529,0.014139819407848411,0.9999000277563319
1.5039493417763714,-0.2885850765936419,0.03926377176192879,0.9992288808011042
1.5061848666247943,-0.254804422180666,0.056088254766590004,0.9984258148091114
1.5056311127632582,-0.22060519150832789,0.004859465672538193,0.9999881927269828
1.5022368066860659,-0.18287131686804187,-0.07434836054513737,0.9972323306452967
1.4960532218989153,-0.14670322749425913,-0.15417569197579642,0.9880434484392802
1.488034045607784,-0.10560523995465419,-0.22532338041738192,0.9742840316033534
1.4769692230782057,-0.06367009989632483,-0.2945261763080811,0.9556434122984059
1.4633202158614593,-0.019254507930663585,-0.33363540342511044,0.9427021892312353
1.4476510325202216,0.028075615026112614,-0.368844990237831,0.9294909215137361
1.4314280953174476,0.07290978325113609,-0.38365201092963336,0.9234777390439082
1.4147539512645333,0.11552704758398166,-0.36618908267302613,0.930540464316887
1.39713637470678,0.1596325830612265,-0.34590401767815826,0.938269902828663
1.3805545229641216,0.20087009602061878,-0.3213734076082011,0.9469525504914662
1.3648238114160465,0.24083637737750338,-0.33396742858024153,0.9425846151128828
1.3498622024534377,0.276492873545399,-0.37260183449372997,0.9279913108062527
1.3348185558817125,0.31418023971242254,-0.42901267583657904,0.9032984689301418
1.3195698152871964,0.3498057302314765,-0.44126778781642734,0.8973754729407287
1.3031930575673292,0.3851211642621139,-0.44788249524355617,0.8940924283620827
1.2863035647904837,0.4182972085226776,-0.44537825678483917,0.8953425089781551
1.2695166190250349,0.45572102667454706,-0.4198933408223274,0.9075734583674561
1.2518785330650024,0.4935014097880954,-0.3946906280717964,0.9188140770103008
1.23470190865625,0.5326460414506766,-0.3844746738300578,0.9231355399849313
1.2184994808557554,0.5707829895259041,-0.3665917111137362,0.9303819201503772
1.2029841180316103,0.6067495421822161,-0.37421978233226444,0.927340042547065
1.188566008229398,0.6441268518608231,-0.3783474612543801,0.9256636530416247
1.1755835565867232,0.6796438226089316,-0.3718498313983857,0.9282928971445339
1.163575301552306,0.7124477990833956,-0.37047059757149486,0.9288441937887212
1.151279914885981,0.7428953462458944,-0.35703015707577535,0.9340928577708145
1.1397023572994254,0.7702888369974906,-0.34531493804591457,0.9384868638198118
1.129047722815429,0.7952483843150173,-0.3711527470520072,0.9285718272464164
1.1195211054567835,0.8185491294195161,-0.4155559357420893,0.9095676249018083
1.108989527386462,0.8411212417762362,-0.42980700754345696,0.9029207807258279
1.097586299719278,0.8640499190946347,-0.443929452980882,0.8960617393774243
1.0854139694666278,0.8885753873283788,-0.49985687905859744,0.8661080189317028
1.0733749503287924,0.9101398160977452,-0.5097608812854164,0.8603161302167451
1.0601053670542095,0.9334560640266648,-0.5062670047156149,0.8623767853648888
1.0458103136656718,0.9586016452372415,-0.49959113185049614,0.8662613352657154
1.0314947508748549,0.9834371699594021,-0.4604488286939933,0.8876862487130966
1.0190660530937157,1.008195180559458,-0.45256073220020926,0.8917335833478576
1.0052016971530395,1.0331082194037227,-0.4802715005468436,0.877119881066712
0.9897478625357318,1.0584088288585076,-0.5204744762960346,0.8538772274304829
0.9733505954135856,1.0831203309853012,-0.5666692212648414,0.8239453826990587
0.9551587555920176,1.1085294602110323,-0.6047522319828974,0.7964136726046985
0.9358901721507961,1.1335510188262423,-0.6214242883506909,0.7834742202828612
0.9162626741696903,1.15947174125786,-0.6377411411309873,0.7702507623553163
0.8969940907284691,1.1853614580406364,-0.6300932315053259,0.7765194908121597
0.8780331483214342,1.2092358076487058,-0.6247537596834859,0.7808218361197061
0.8601284401317735,1.2314823606925889,-0.5957993364031372,0.8031333331032783
0.8425313729762995,1.2536979080876298,-0.5869315491613863,0.8096365583389964
0.8260930870495949,1.2776342689933824,-0.555818686682311,0.831303547168392
0.8093984335944016,1.2994002344802194,-0.581372192034628,0.8136377414604437
0.7941702024021642,1.3186857480597247,-0.6462902501448768,0.7630916803161154
0.7782959250381353,1.3351807532434814,-0.7242499887778565,0.689537492639287
0.7603604527450558,1.3509471256794594,-0.7811342217353238,0.6243631376322196
0.7426813479804654,1.3658298371234507,-0.7920018265353348,0.6105187194220121
0.7244074705497808,1.3810381078802791,-0.7864342900250001,0.6176739491615897
0.7069847333136791,1.3968819944383615,-0.7679560769529896,0.6405025088717247
0.6895927601809961,1.4104004573333202,-0.7754225282814676,0.6314427152430985
0.6730826913463146,1.4222136095419882,-0.7979285345045634,0.6027520666272325
0.6553420583748869,1.434150784346023,-0.8432059958349944,0.5375905957026365
0.6373963313806678,1.4434524789985175,-0.8622182223423448,0.506537004631258
0.6203017445810319,1.4521030550253373,-0.8993601009114198,0.4372086560083193
0.6020791406560451,1.458614241282084,-0.9460407988038175,0.3240475381770934
0.5838873008344768,1.4673423314310081,-0.9631878918595662,0.26882909994106813
0.5630497481189037,1.4756828509694113,-0.9486255362855762,0.3164009985870822
0.5407252637380955,1.484612477835806,-0.9286322322841388,0.37100158646962306
0.5180726289208215,1.4940536979080878,-0.8987715996186768,0.4384171663141
0.49398433594401,1.5040840253083612,-0.8833159734469956,0.4687780829490504
0.4712906823221779,1.5149360024029381,-0.8892370508945009,0.4574466824849106
0.4490892543550442,1.524625267665953,-0.9173398193968797,0.3981050812899784
0.42734928793919047,1.532376679876365,-0.95720976865747,0.2893949874941038
0.40607078307461647,1.5374150978131327,-0.9772215737166122,0.21222157256704072
0.3836847704869709,1.5413373123916012,-0.9932085130545562,0.11634796773453972
0.3616884365426283,1.5446859224664993,-0.999989867201814,0.004501721192906637
0.33851281196723704,1.5457866230003778,-0.9974215975229933,-0.07176459290402293
0.3172958353095004,1.5441743292606123,-0.9982666075944072,-0.05885388824838743
0.29350492866573596,1.5417558886509635,-1.0,2.2529412098206194e-15
0.2687090613102951,1.5417558886509635,-1.0,2.148886609152924e-15
0.2435747888172491,1.5417558886509635,-1.0,2.1105294539867848e-15
0.21946598643815837,1.5417558886509635,-1.0,2.206795735144238e-15
0.19694666273569852,1.5417558886509635,-1.0,2.2596853983665813e-15
0.17421199030930798,1.5417558886509635,-1.0,2.440130718948984e-15
0.15558945303987853,1.5417558886509635,-1.0,2.7092774443213084e-15
0.1369361516670305,1.5405466683461393,-0.9992652873044312,-0.038326043213360486
0.11794444515657708,1.5403451316286685,-0.9995903117895194,-0.028621819937444868
0.10294181738941005,1.540996250254343,-0.9998248000931932,0.01871814944396303
0.08551908015330835,1.5423449959789548,-0.996839855197133,0.07943741618758199
0.06850653096278889,1.5442363405582953,-0.9933159051207777,0.11542752112945183
0.048427826131542825,1.5465152557481565,-0.9904713554870285,0.13771889470834722
0.029405355517670716,1.54902671330433,-0.9897302393649028,0.14294772921138796
0.007757681412073007,1.5516156849826077,-0.9900982099375552,0.14037640356715594
-0.01329522002743071,1.5541271425387813,-0.9916796361876559,0.12873033508353343
-0.03359952828374696,1.5564060577286425,-0.994583662648265,0.10393910714048907
-0.053698742517272136,1.5582974023079832,-0.9980515968327407,0.06239399057294078
-0.07253662851063224,1.5596461480325947,-0.9998718339534627,0.016009861540279877
-0.09052337430940939,1.5602972666582693,-0.9995963142791143,-0.028411414600650994
-0.10719751836232362,1.5600957299407987,-0.9991931871906972,-0.04016185592943114
-0.1251329906554029,1.5588865096359743,-1.0,2.5562305800065917e-15
-0.14303769884506365,1.5588865096359743,-1.0,2.4249157444175784e-15
-0.16111673695409678,1.5588865096359743,-1.0,2.0893286291959388e-15
-0.18421032392037162,1.5588865096359743,-1.0,1.913027459078397e-15
-0.20719110917411132,1.5588865096359743,-1.0,1.8631433382369258e-15
-0.23106405342699218,1.5588865096359743,-1.0,1.8232567993743167e-15
-0.25436273441605833,1.5588865096359743,-1.0,1.8110114963037646e-15
-0.2801533077820356,1.5588865096359743,-1.0,1.7799718858982452e-15
-0.30609770166510647,1.5588865096359743,-1.0,1.726550930117258e-15
-0.33142681347980396,1.5588865096359743,-1.0,1.7522728711450204e-15
-0.3569405099150135,1.5588865096359743,-1.0,1.8131626807669657e-15
-0.38040326612231234,1.5588865096359743,-1.0,1.8410619614619514e-15
-0.40351736249086634,1.5588865096359743,-1.0,1.955191966417839e-15
-0.42422160409162507,1.5588865096359743,-1.0,2.176478603757991e-15
-0.44282363195877544,1.5613049502456229,-0.9973219198562245,0.07313677716644623
-0.4596310871265039,1.5629172439853884,-0.995507146657214,0.09468643490179761
-0.47652057990334873,1.5630257637563343,-0.9992815118534729,0.03790066051980727
-0.49390229833489224,1.5598786903989068,-0.9881463769550584,-0.15351461725383628
-0.5099509056182936,1.5553053571947637,-0.9529144509323195,-0.30323926065791024
-0.5251791368105309,1.5489181935333844,-0.9028559527873564,-0.42994316893798273
-0.5416686962429333,1.540484657048456,-0.8677869154288839,-0.49693648428186776
-0.5608347326727591,1.529927233617875,-0.8332443628099018,-0.5529049030760358
-0.5803596836424693,1.517323437363745,-0.8078598701247875,-0.5893746094310149
-0.5987258533834097,1.5029058106523783,-0.7862851668275327,-0.6178637685016001
-0.6182508043531199,1.4882711443991201,-0.7798359271554051,-0.6259839668215711
-0.6374168407829457,1.471745133566522,-0.7611356922076677,-0.6485926749875877
-0.6547062669042332,1.4541804334977284,-0.7230084473638253,-0.6908391889872424
-0.6700678092112848,1.4365847277800923,-0.6783158793487823,-0.7347704184459852
-0.6857164831502435,1.4201207282451769,-0.6242799469578472,-0.7812007090538945
-0.7016010152154122,1.4013623106959796,-0.6074642869752589,-0.7943469897026365
-0.7177726789124881,1.3815186954373246,-0.6066448116287719,-0.7949730011289011
-0.7343852947585652,1.3593806621643878,-0.6032879590979885,-0.7975234406632722
-0.7501262610077801,1.3383278266009082,-0.6014744634364706,-0.7988920263926845
-1.4747029341263633,2.654765665119614,0.9005286710900074,0.43479663354821996
-1.4534141745606497,2.6661447382444994,0.861574662882244,0.5076308701008517
-1.4322074526040527,2.678888059918417,0.8326439126693618,0.5538087347583606
-1.411236588773665,2.6936157431181997,0.7952793248202742,0.6062431818283885
-1.3899580839090915,2.709940217233328,0.7857910240793297,0.6184920908761554
-1.3717970081909419,2.724047787456277,0.7864873293779183,0.6176064124731784
-1.354179431633189,2.7355508831765287,0.8182330469558717,0.5748866678479421
-1.3338341045723143,2.7462788376757383,0.8593553439561354,0.5113789131495667
-1.3135913245228352,2.7568517639307406,0.9055405729396911,0.42425967373774237
-1.2923435837616803,2.7678897749183675,0.9312714958710245,0.36432595430211123
-1.271249663517618,2.7776410514790655,0.9328374445100086,0.36029751889242406
-1.249868611641649,2.7889891189551093,0.9081588347883555,0.41862576461065626
-1.2308563957289163,2.8001821581869444,0.864876887780989,0.5019840325969249
-1.2099675695076453,2.8118402821514046,0.8219845669474671,0.5695097643589483
-1.1899298834809575,2.824583603825322,0.7877773568523835,0.615960092888064
-1.1688359632368959,2.840241456490354,0.7622575488407294,0.6472738440840347
-1.1486136925896957,2.8560543373995952,0.7508258296203894,0.660500244946854
-1.1304218527681276,2.871634675942523,0.7744857437933585,0.6325913630937814
-1.1123838334636529,2.8853856812037937,0.8215590030032932,0.570123499414149
-1.0973606962942068,2.897973974633503,0.8497968804979144,0.5271102938626918
-1.0782766974734972,2.907647737072098,0.8952002132033128,0.4456641990117039
-1.0573263430453892,2.9160347650837632,0.923464906001787,0.3836828995187441
-1.0336072193096015,2.9270262675981282,0.9175309009753583,0.397664488929232
-1.0085549844256718,2.9399246175162537,0.9003656825088017,0.43513404573816106
-0.9828361939676713,2.9529779956785878,0.8862598475368824,0.463188387855203
-0.9571174035096709,2.9680157353667864,0.8772716490060805,0.47999422272580766
-0.933634137900093,2.981069113529121,0.8718771714665203,0.4897246143247651
-0.907648725212464,2.9939674634472464,0.860217889095986,0.5099266449983233
-0.8827913296501858,3.0085401184028213,0.843619933660018,0.5369407858707205
-0.8595234127645387,3.023190287480501,0.8394262168137413,0.5434736668190739
-0.8383064361068021,3.0375304000697625,0.8325031464202217,0.5540203165953673
-0.821170830502608,3.0500101737285257,0.8216545040178658,0.569985855988686
-0.804742799277043,3.0602420378462702,0.8486302301532092,0.5289865144501429
-0.7909809903477619,3.0702103539488608,0.8815664810083249,0.47205988980488367
-0.7771371438093646,3.0773106475335976,0.8502685766637712,0.5263490738456416
-0.7627292887082915,3.0848915286753806,0.8498472462081763,0.5270290865904644
-0.7456757207132138,3.0941932233278746,0.8920835069152675,0.4518705751537247
-0.7269301270301101,3.102022149660391,0.9403950948242589,0.3400839096906425
-0.7098150308281947,3.106393946147064,0.9727615613812314,0.23180799101659263
-0.6900849858356936,3.111122307595415,0.9901730335703525,0.1398476442064203
-0.6706010536705416,3.1142228724795804,0.9920913560275683,0.12551789233165453
-0.6490251624729205,3.117292431714903,0.9917468409775773,0.12821155724425098
-0.62399343699127,3.1208735841561133,0.9941818910098222,0.10771428683389199
-0.5981823542230134,3.123292024765762,0.9934410682478662,0.11434528376167674
-0.5682693909989354,3.12645460094761,0.995678799769877,0.09286402795925379
-0.537238665350646,3.1288420359084173,0.9968457033110012,0.07936399555463015
-0.505141450783843,3.1301442731597664,0.9963568321470538,0.08528225509382194
-0.47463371489367084,3.1324231883496276,0.9979766978716543,0.0635807400490798
-0.4401779190647706,3.1343145329289683,0.9994265082913432,0.03386228764531011
-0.4025431658826086,3.1356632786535794,0.9999732093588175,0.007319874631873476
-0.3624985579326515,3.1363143972792544,0.9999323902109415,-0.011628198787151057
-0.32158230038583246,3.1361128605617834,0.9998573220564804,-0.016891877635232477
-0.282901567687436,3.134903640256959,1.0,3.2107876043115673e-15
-0.24495917347108753,3.134903640256959,1.0,3.337662323834988e-15
-0.21172368707779407,3.134903640256959,1.0,3.553094577958069e-15
-0.1771961083409168,3.134903640256959,1.0,3.706217868896582e-15
-0.14067911758296622,3.134903640256959,1.0,3.872883675042516e-15
-0.10667452860420627,3.134903640256959,1.0,4.0173442316308365e-15
-0.07337751400407552,3.134903640256959,1.0,4.322013317413222e-15
-0.04271595759681008,3.134903640256959,1.0,4.455054956527665e-15
-0.015715329496365314,3.134903640256959,1.0,4.499667133318992e-15
0.009039519054517239,3.134903640256959,1.0,4.48878070408413e-15
0.03470703600682007,3.134903640256959,1.0,4.954653697114477e-15
0.059246535833771916,3.134903640256959,1.0,5.378505871322608e-15
0.08301693307525733,3.134903640256959,1.0,6.0393980243476584e-15
0.10637714227116057,3.134903640256959,1.0,6.455330410856055e-15
0.12731724199812916,3.134903640256959,1.0,6.7140353511305306e-15
0.14915975542537846,3.134903640256959,1.0,5.881659981257849e-15
0.17219181418481594,3.134903640256959,1.0,4.89776883307251e-15
0.19844384910207336,3.134903640256959,1.0,4.57660648057799e-15
0.22631612679938018,3.134903640256959,1.0,4.460407512778247e-15
0.25357312242831376,3.134903640256959,1.0,4.457159777162088e-15
0.2803481471036884,3.134903640256959,1.0,4.696472337468879e-15
0.30527732557394327,3.134903640256959,1.0,5.385465855602025e-15
0.3269967825875181,3.134903640256959,1.0,6.330202532165583e-15
0.34720879853357833,3.134903640256959,1.0,7.304781267395658e-15
0.36454949816056353,3.134903640256959,1.0,8.241730347193298e-15
0.38159281145450186,3.134903640256959,1.0,8.852749630062995e-15
0.39717995718662347,3.134903640256959,1.0,8.625372546512714e-15
0.4126235371027911,3.134903640256959,1.0,8.206260052549941e-15
0.42627254431953715,3.134903640256959,1.0,7.66026389822296e-15
0.44198274646533325,3.134903640256959,1.0,7.926939276975456e-15
0.45830823067950266,3.134903640256959,1.0,7.921843274801762e-15
0.47303398151590176,3.134903640256959,1.0,8.128186133584604e-15
0.48764693063976566,3.134903640256959,1.0,8.851444684657678e-15
0.5034289156935386,3.134903640256959,1.0,8.847780467398727e-15
0.5206875777114074,3.134903640256959,1.0,7.975688714320468e-15
0.5403253303936528,3.134903640256959,1.0,6.4490907716760824e-15
0.5631420404291598,3.134903640256959,1.0,5.28914797959468e-15
0.5899375745068136,3.134903640256959,1.0,4.520086465877678e-15
0.6176765410893063,3.1361128605617834,0.9997764023991497,0.021145808232682247
0.647158806865523,3.136314397279254,0.9999003741756374,0.014115301038953901
0.6776152692499975,3.1356632786535794,0.9999617722490254,-0.008743800122859219
0.7067078563829111,3.1367329735386162,0.9999927035947433,0.0038200467635550305
0.7343647853562874,3.1364539226990416,0.9997721347842958,-0.021346627575616322
0.7597144065732641,3.1330743069753018,0.9917692069805265,-0.12803843206325768
0.7834540397113308,3.1284234596490554,0.9648673436121229,-0.2627375291633945
0.8008460128440138,3.123323030414604,0.9224790851126639,-0.38604706646949516
0.8170894594490666,3.116532793318284,0.8811874870582871,-0.4727669750013228
0.8335174906746317,3.105913358590018,0.8183402428610582,-0.5747340662550848
0.8515657646802461,3.091852296840331,0.7771663058288721,-0.6292952670124764
0.8712035173624914,3.074892206923949,0.7475910874191312,-0.6641592926485942
0.8939997179957192,3.0557307159398097,0.7515298644722902,-0.6596990698843384
0.9192878110058585,3.0352204792310595,0.7613046919462448,-0.6483942982635128
0.9449348185558821,3.014369180385051,0.7725041119010218,-0.6350097614178963
0.9703767320831153,2.9919675990969603,0.7850347685691907,-0.6194517028288137
0.9958186456103476,2.9715968878079977,0.7919941671749525,-0.6105286554788835
1.020696550574905,2.9523578827017545,0.7722338066690123,-0.6353384514079771
1.0452463051029963,2.931134516069646,0.7501354406823761,-0.6612842207646099
1.066637611680105,2.909446064704914,0.7256482935545142,-0.6880658064904996
1.086675297706793,2.8899745172323583,0.6769196991104671,-0.7360568734521774
1.1025290656685431,2.8731849583846056,0.6473944301386073,-0.762155136324297
1.11914168151462,2.8549536368657167,0.6091723889814809,-0.7930378304359732
1.1338571776498794,2.8357921458815776,0.6121757139222579,-0.7907217559190932
1.1495571250945358,2.815002858333253,0.6138957968350106,-0.7893870727522128
1.1645905169651216,2.7942600792581898,0.6252878786637852,-0.7803941752705126
1.1820440183046421,2.771811989496836,0.6085434789002144,-0.7935205317369075
1.1989027469780682,2.7494879223308497,0.5906999493087854,-0.8068912999200067
1.2160178431799833,2.7256910868448836,0.5749662641240908,-0.8181771172057957
1.2318716111417332,2.7011966242599827,0.560103838302302,-0.828422410560596
1.2487816133208571,2.6767796757971847,0.5491304460017069,-0.835736653063611
1.2659992565341678,2.6520526708459697,0.5490645069373234,-0.8357799753653313
1.2827759475984777,2.6278372591006427,0.5602571626634252,-0.8283187259046656
1.2998602796969743,2.6026916778900655,0.5846749902892938,-0.8112676227547937
1.316401112635074,2.5775460966794888,0.5756156474771861,-0.8177203839818473
1.3330137284811514,2.554539905238985,0.5880515725941964,-0.8088234343597449
1.351810595669953,2.5300144370052418,0.6091724972828377,-0.7930377472442223
1.3694691910322643,2.507318302053155,0.6202390391630072,-0.7844128595950921
1.3903682719546746,2.4827928338194116,0.6448399068132566,-0.7643176660139882
1.411216079371387,2.458577422074084,0.6528410377749047,-0.7574949368787792
1.4318587927653088,2.4368579650605096,0.6748116091932971,-0.737990035229442
1.452142591619346,2.4129681126280187,0.6574975938502672,-0.7534566437965152
1.4719136554164056,2.3857761585938935,0.6143118094818768,-0.7890633692746751
1.491018163639394,2.357576520972415,0.5763212320765083,-0.8172232482362548
1.509302295771218,2.3318728380826883,0.5385346428325811,-0.8426033696046938
1.5266122312947845,2.3053164998498166,0.49585825896256097,-0.8684034701788206
1.5435940163818855,2.276930828335287,0.46381892849429374,-0.8859300206959945
1.5609962442157082,2.2467933376612046,0.46158567228106606,-0.8870956358504061
1.5750349300757571,2.218407666146676,0.47868812237397707,-0.877985012114715
1.589699152705319,2.1906421076089795,0.48026964817745865,-0.8771208953385502
1.6028456795662267,2.164783396475045,0.4829635500879539,-0.8756404566295692
1.6161973004499255,2.138692142974798,0.5005807073437312,-0.8656898725497774
1.63147680514786,2.1126008894745514,0.48934714418487857,-0.8720890851731282
1.6457718585363985,2.0879513986454405,0.485991304922116,-0.8739636442896803
1.6599336008101218,2.0651312410979874,0.47381997042878543,-0.880621732427076
1.6762795944265707,2.0375672192777623,0.5049984331849968,-0.8631202595702978
1.6940920103059751,2.0079103161607255,0.5440827986326288,-0.8390315299391831
1.7135554330688483,1.9775557859447515,0.5552637571953069,-0.8316743112212565
1.73189083870637,1.9491081031325397,0.5440276792826104,-0.839067270351059
1.7502570084473106,1.920629414671485,0.5424868115439656,-0.8400643185499918
1.7667465678797127,1.891546116058019,0.4983414130260698,-0.8669808741046022
1.7825182982323462,1.8603389304989002,0.4125543929757678,-0.9109329683551891
1.7955930421852775,1.828015541581482,0.3358259655095087,-0.9419240526123147
1.8062271672669945,1.7969943899154124,0.26403260667627604,-0.964513754495876
1.816143463268943,1.7629966959605448,0.24229016425504116,-0.9702038323492983
1.8278645866714527,1.7242706405573265,0.2436194799280681,-0.9698708929540971
1.8401804827400567,1.681436336682589,0.27196553708120225,-0.9623069918898715
1.8527835104405685,1.6362766091447283,0.29667493898345737,-0.9549785236219513
1.8654378116467778,1.5918300115302257,0.31462311628784106,-0.9492166742621663
1.8810762308845965,1.5430736287267335,0.3216170372833264,-0.9468698333610039
1.8981297988796748,1.4943637543965038,0.32600890551695255,-0.9453666979133751
1.9143629907835882,1.445421337699962,0.3120840821416843,-0.9500544856342622
1.9275402817479146,1.4019204123751294,0.284116552991486,-0.9587897497972306
1.9392614051504242,1.3603108316296375,0.24037058258077706,-0.9706811953621939
1.9488598054170463,1.3180966407317334,0.20869519600130468,-0.9779807335351639
1.9565405765705715,1.2795256135727229,0.16567121142162963,-0.9861810430676964
1.9626113596451875,1.2428459309930528,0.1369276241393115,-0.9905810546076295
1.9659133734121244,1.2133130504713825,0.13187854641239122,-0.9912658820902466
1.9699947444656662,1.1798424525468232,0.1093288271814312,-0.9940056375831743
1.9738710214964177,1.1451626343174395,0.09246975196206757,-0.9957154939901626
1.978157486572751,1.1082194037226156,0.09008085209331233,-0.9959344557179166
1.9827003191775736,1.0748108170957398,0.1413074582142416,-0.9899657581214768
1.9881455654826765,1.0425184338271627,0.20001814775092944,-0.9797921925440554
1.9952110545678288,1.0088152935362906,0.22379441595019378,-0.97463637290505
2.003148193249844,0.9768174639317099,0.23786707463358045,-0.971297716874318
2.0104392857600666,0.9448506399759703,0.24825804818389605,-0.9686939359322544
2.017832925281684,0.9146666408286257,0.2606532733164602,-0.9654324787935274
2.025277838309001,0.8832269129031944,0.24805760626819381,-0.9687452833291597
2.0311230179585458,0.8555543713120233,0.2132455561597253,-0.9769986349929716
2.0374809326650687,0.8308273663608087,0.2142754109181541,-0.9767732839691391
2.044095214900081,0.8094799771333339,0.22922244111703616,-0.9733740660652239
2.049909630446208,0.7885201585163796,0.2359830510029779,-0.9717571711283255
2.0553343673490323,0.7637466450919027,0.25134846015950124,-0.9678966636864947
2.063045902605977,0.735438487699478,0.3032780788737824,-0.9529020972138889
2.0718854549882715,0.7072543529024194,0.33896824004311493,-0.9407978168778206
2.0822632125415,0.6794267830670401,0.3414607327867914,-0.9398960410410864
2.0938202607257774,0.6499714166674742,0.35549119995009343,-0.9346796278715198
2.1054285824157515,0.6204850446190663,0.3624589406348707,-0.9319997405331437
2.1167292630715395,0.5903475539449842,0.34249688594427347,-0.9395189636822001
2.1257636547754863,0.5603030802174269,0.29721094989411045,-0.9548118407639489
2.1351056875136196,0.5254062224461516,0.24351505802219445,-0.969897116459497
2.1433914860343797,0.4888815681106899,0.21980346456785305,-0.9755441747885989
2.1523233307269307,0.4539537046905733,0.23240547603813153,-0.9726189874290392
2.1629061823029505,0.41925838363676887,0.23424217954941154,-0.9721782765110222
2.172412290259317,0.38580328853663026,0.23693063545572202,-0.9715265688505631
2.1804827400561457,0.349852238704739,0.24729357231798937,-0.9689406014251892
2.1867278530501335,0.31935818306897795,0.2617911849394214,-0.9651245388487507
2.194593208824171,0.2873603534643969,0.25634130041559944,-0.966586332254517
2.2029200261494886,0.25295958607458807,0.25585539848743355,-0.966715064051883
2.2113493904862014,0.22004708982917845,0.24501647488137845,-0.9695189152547271
2.221091356568777,0.1832898931274043,0.21112008185421266,-0.9774601327102147
2.2295207209054904,0.14552501283827657,0.17696205640780857,-0.984217674395212
2.237078435645341,0.1072175336944201,0.17628454804795204,-0.9843392495067589
2.2442054529373308,0.06646060829207329,0.1932246248090735,-0.9811545466272847
2.2506146411495527,0.024820021897739592,0.19127042060381455,-0.9815373789123061
2.257587837924449,-0.019611072892342447,0.18150037787696977,-0.9833908748969137
2.266437645007884,-0.061623727072776,0.17374444242207027,-0.98479077408729
2.274641405919527,-0.10402395186373012,0.15770556005139685,-0.9874861803229832
2.2827426198197744,-0.14603660604416369,0.16152349434738675,-0.9868688670607709
2.289715816594671,-0.18572383656147365,0.18076833958102412,-0.9835257024628892
2.2953046287157277,-0.2211477903630569,0.1899961999784842,-0.9817848257096541
2.302390627203159,-0.2562306820273819,0.2051907585500503,-0.9787219996534537
2.3085229384846118,-0.29263131376747714,0.18453794418333777,-0.9828253899633379
2.315116711317345,-0.3285203523016851,0.17658302298677855,-0.9842857491566415
2.3228179918731495,-0.36786652068173675,0.17431493551091523,-0.9846899528571547
2.3292066706830923,-0.4064220450163265,0.1629899046498351,-0.9866277367792969
2.3364977631933153,-0.4456286879765906,0.1467216613543419,-0.9891778172246999
2.343071026623769,-0.4867731839894582,0.13715037814857792,-0.9905502378848345
2.3481060848832893,-0.526351894735822,0.14926290014440136,-0.9887975458305317
2.353120633740531,-0.5712480742585289,0.1369055688183541,-0.9905841030556278
2.3589350492866576,-0.617803055994264,0.11467516880935269,-0.9934030429078354
2.3641341827644116,-0.6694119584911875,0.1017659641548944,-0.9948083677470876
2.369671721379771,-0.7201992112938077,0.08253732723259224,-0.9965879738454102
2.3718354633202163,-0.7700873002800197,0.03926624534546112,-0.9992287836008679
2.3737120736287545,-0.8176809712519499,0.029095766862403692,-0.9995766285536535
2.377516567751529,-0.859011501157867,0.052000609849133655,-0.9986470530549412
2.38162870290849,-0.9039231835049948,0.11241549596938598,-0.9936612885012462
2.388366041557177,-0.9506641991337796,0.1515711984964482,-0.9884463423911034
2.394713701562561,-0.9976842656021393,0.1664951735198702,-0.9860422694766124
2.4015228231192243,-1.0435881287121997,0.18821803533637138,-0.9821272683181729
2.4096445464217506,-1.085879833732208,0.19600580873305895,-0.9806027345173474
2.4176637227128817,-1.1302799228734484,0.182886752697438,-0.9831339866405728
2.4249650699242435,-1.172122045985253,0.15455245051037667,-0.9879845849208568
2.4309333059874643,-1.2150648696309359,0.12827185212146608,-0.9917390442819767
2.4365221181085213,-1.2570775238113696,0.08603689971512794,-0.9962919511304952
2.440418904541551,-1.298547579137074,0.03865135325606039,-0.9992527572598814
2.4421109302295783,-1.3314910810313254,0.00806119008352184,-0.9999675080793562
2.441085460115623,-1.3674266280387959,0.029018421819483747,-0.9995788769252312
2.4415366669657637,-1.4061216777931729,0.021854723729292654,-0.9997611570023694
2.442428825964904,-1.443917563731142,0.004274127949118498,-0.999990865873421
2.444459256790536,-1.4889067602003738,0.012481862981950215,-0.9999220985139291
2.4453924345942353,-1.5353222165163214,0.012319781156139117,-0.9999241086163815
2.4438644841244423,-1.5844506671059135,-0.0012975025218120763,-0.9999991582432487
2.4424493353671837,-1.6328349821233052,-0.026547507626578617,-0.9996475528098976
2.439188340404806,-1.6792349356148322,-0.06512966465006206,-0.9978768094221704
2.4344916872828906,-1.7305802900966019,-0.10928324964804537,-0.9940106495135569
2.429569430735904,-1.778778571220944,-0.141706347698069,-0.9899087387340685
2.4249650699242444,-1.8227445812784016,-0.15949373273909467,-0.987198941053398
2.419058362067861,-1.864819246756518,-0.17477536234935545,-0.9846083346771201
2.411100713983567,-1.9039173699458365,-0.20305577982919829,-0.9791671717730105
2.4027123684514127,-1.9378995610762833,-0.20370021595926294,-0.9790333099635321
2.3940471459884898,-1.9753233792281528,-0.21219726538237824,-0.9772268521506356
2.3861612808121726,-2.0098326663889075,-0.21255014998985272,-0.977150159258694
2.3779472651993907,-2.044543490267133,-0.22693151298720107,-0.9739107189128476
2.3707689744017024,-2.0779365740695876,-0.27635012130596,-0.961057027680554
2.3622883365592915,-2.10844613252977,-0.30172336171837894,-0.9533955176071263
2.35106969351262,-2.1425678490800038,-0.32243243228266233,-0.94659248180634
2.3389178726622495,-2.177418198378017,-0.345415796377352,-0.9384497469832893
2.3224078038275673,-2.2159582198881855,-0.36356154325373286,-0.9315701821478423
2.3052209247176765,-2.2565136085730617,-0.3920989471021227,-0.9199230487825635
2.2858087754605005,-2.298619279700021,-0.4312248742311235,-0.9022444834103182
2.2674938792252584,-2.3370197757904014,-0.46294269014694484,-0.8863882138428453
2.2445643674772158,-2.3802726559245015,-0.49684030434861537,-0.8678419856026645
2.2183841154679356,-2.421603185830418,-0.5252473833604855,-0.8509495791602245
2.1911886480458387,-2.4657242241320843,-0.5395315050708425,-0.8419654120188024
2.164649481496674,-2.5113955448758323,-0.5273100133218346,-0.849672966411505
2.1360081012139007,-2.5573769221079967,-0.5300355470666669,-0.8479754234915887
2.1064437978285673,-2.603590841706473,-0.5387699434889627,-0.8424529351797048
2.0771358619717226,-2.6500062980224213,-0.5261428687317844,-0.8503961910090428
2.0484637175855314,-2.695584601819644,-0.5183994098975566,-0.8551386155576562
2.0231346057708337,-2.7395041034038385,-0.5067813254934682,-0.8620746418559609
1.9969543537615533,-2.7823074016297342,-0.5156985598084521,-0.8567700948396181
1.9711330162921568,-2.8235294117647056,-0.5321004727910403,-0.8466812191465872
1.9468806480971126,-2.86048814518395,-0.5626547575678443,-0.8266919763650005
1.9239408816479309,-2.8928735453990515,-0.6074833048161934,-0.794332445749005
1.9029597631164048,-2.920375555921595,-0.6392517161255176,-0.7689975574932477
1.8768820581185193,-2.949846425145581,-0.6779020525657595,-0.7351522339809151
1.8500865240408653,-2.9768058368133947,-0.6879129916526464,-0.7257931633154903
1.82218348224014,-3.005300028098869,-0.7176938563460182,-0.6963587642610531
1.7958494097137658,-3.0314687957212203,-0.7426638645676795,-0.6696643818103208
1.7659877199953864,-3.058660749755346,-0.7328096254750954,-0.6804337240400791
1.7366387653339834,-3.084581472186964,-0.7260047676040419,-0.687689666503868
1.7086741953264204,-3.1130446578235964,-0.7259461051348735,-0.6877515921024882
1.6853652596362145,-3.1352136967453763,-0.7236157813849338,-0.6902030142868629
1.6655531770345973,-3.1538946001724693,-0.7307699509326427,-0.6826238194012154
1.6435773524925337,-3.174265311461432,-0.7306044142712039,-0.6828009884640116
1.6278466409444583,-3.1888069607681646,-0.7446705528233348,-0.6674322195982068
1.6094394523989595,-3.204015231524994,-0.7905283373210192,-0.6124254631320164
1.5844179816184483,-3.218215818694468,-0.853366577984889,-0.5213113115772189
1.5527822286029256,-3.2344782815119126,-0.9036920797234448,-0.4281829340890587
1.5161626908335795,-3.2512368347108227,-0.9210537822625852,-0.3894353992381618
1.4740979067591304,-3.2716075459997866,-0.9194885668719549,-0.3931167452446647
1.4264032917590663,-3.2916992064491755,-0.9200889698046206,-0.3917094428832063
1.3730685911322478,-3.31341866346275,-0.918506954234155,-0.3954048242289111
1.316452386140772,-3.339881984749097,-0.9134308034369218,-0.4069940630188353
1.2597131247356217,-3.366190277791235,-0.9033902930461496,-0.42881928411627196
1.2052811710868707,-3.391025802513395,-0.9047096606240751,-0.42602867271284794
1.155586889364594,-3.4130708188398073,-0.8977765281518013,-0.4404512521263822
1.1122197582454214,-3.433379518831087,-0.8989675225751249,-0.4380152889513589
1.0766974734980073,-3.4519519024872345,-0.9043328238921697,-0.4268280023981722
1.0497378642021207,-3.4654083540845098,-0.906621787607094,-0.42194423119189267
1.0266442772358457,-3.4750666136986825,-0.9390071624238421,-0.34389758492423916
0.9994795739171685,-3.4846163535419095,-0.9517341240188562,-0.3069236992772969
0.9747862535731231,-3.4932049182710463,-0.9457657281494045,-0.3248494843123913
0.9490366990117038,-3.5012973926187163,-0.9547302198875405,-0.29747303614527565
0.9186315101329272,-3.5118858216981397,-0.9613227303555385,-0.2754244144983748
0.8836014510402118,-3.5211565107017924,-0.9555764399412005,-0.2947433925116919
0.8445412943996518,-3.5312488493997494,-0.9591686519571887,-0.2828347522894408
0.8034814710368792,-3.5432480355014673,-0.9667289287176907,-0.25580300698065683
0.762452411777525,-3.5548596509926655,-0.969169404113004,-0.24639534518988915
0.720449155909913,-3.564998498163884,-0.968783713705261,-0.24790747479542255
0.6811736505454226,-3.573742091137229,-0.9774184764557106,-0.2113128530946415
0.6453642341661012,-3.581167944034804,-0.9821896916356873,-0.18789201591497642
0.6130926896799258,-3.5885627912835374,-0.9886679706389166,-0.1501187657580705
0.5828618307205216,-3.5937872431133555,-0.9911162274827873,-0.13299858503114895
0.5577070488251964,-3.5934926894493593,-0.9906952872717343,-0.13609866927187678
0.5288810839219109,-3.5982985650198147,-0.9915762848832452,-0.12952401807055466
0.502803378924026,-3.603802067689207,-0.9879152033342984,-0.15499532580355993
0.4756899491110461,-3.609228056236496,-0.9776021594218411,-0.210461440396461
0.4498891210439291,-3.6149641012722014,-0.9756904451289602,-0.21915326893307183
0.42151436299078426,-3.6213977734068434,-0.9702434198163866,-0.24213158881691374
0.3943496596721066,-3.6277539314193814,-0.9589009051370746,-0.2837411745364059
0.36597490161896157,-3.63562936622516,-0.958373395402835,-0.2855178365427308
0.3401740735518446,-3.643194744542522,-0.9661082815700931,-0.2581371501386066
0.3122607770499795,-3.649829953394635,-0.9745944207056414,-0.22397704152308798
0.2876494943150507,-3.6549148798046653,-0.9789197634824985,-0.20424518761373286
0.26192044915591056,-3.660201342932167,-0.9899606898364938,-0.141342960838003
0.23399689795290593,-3.6640150377396896,-0.9975702148987887,-0.06966825924899134
0.20140745773140434,-3.665890879494609,-0.9996429727039968,-0.026719414730047904
0.17038698678425448,-3.6653637834643007,-0.9993023887549617,-0.037346162167314303
0.1335726096932568,-3.6667125291889127,-0.9999724125553497,-0.007427928932970907
0.0922461641008555,-3.6673636478145877,-0.999944838097176,0.010503369117209192
0.04848935433838002,-3.6671621110971167,-0.9999010330551753,0.014068549861065907
0.0013177290964331949,-3.6659528907922923,-1.0,-1.0709109968251006e-15
-0.0495866073603112,-3.6659528907922923,-1.0,-1.0580538560879477e-15
-0.09614295053388482,-3.6659528907922923,-1.0,-1.1203548950609715e-15
-0.1410072680194321,-3.6671621110971167,-0.9998848180414962,-0.0151773070774733
-0.18369758886339405,-3.6673636478145872,-0.9999316709960944,-0.011689881905245243
-0.21986591978259976,-3.6679217494937366,-0.9999257110204736,-0.012189029501993498
-0.24966608129414278,-3.6667745404865957,-0.9996362218590001,0.026970798050185374
-0.2801533077820358,-3.6642320772815804,-0.9960617330665079,0.0886624154901323
-0.30448771358619653,-3.663022856976756,-0.993453163826873,0.11424014741926877
-0.32949892966556793,-3.6590231282761834,-0.9835980589409293,0.18037421780186955
-0.3578326689141547,-3.6540622244615197,-0.9823373621986515,0.18711842995438882
-0.3942676220629889,-3.6465433546174197,-0.9783920333877614,0.2067583831513525
-0.4396446746055139,-3.637241659964925,-0.9787329984669703,0.20513828923887786
-0.49082588799302607,-3.6293507223347254,-0.9858260609894945,0.16777060968458532
-0.5522720572212317,-3.6204210954683314,-0.9893597769729624,0.14548962749285563
-0.6176355222847467,-3.610530293487845,-0.9907075371201575,0.13600946986629925
-0.6812659428556772,-3.5999108587595794,-0.9898882466526711,0.1418494241754288
-0.745850050632586,-3.5877411415892335,-0.9836058259706095,0.18033185829651713
-0.8086395857100734,-3.575617932892149,-0.9787632711596211,0.20499380241587237
-0.86454821632292,-3.5629211196914934,-0.9675063067917848,0.2528468831489145
-0.9161601271582936,-3.547976396949819,-0.9501825503975173,0.3116939539356992
-0.9622960275851454,-3.5326906120708865,-0.9205319585468044,0.3906672667296102
-0.9948752131055074,-3.521544081312313,-0.9031088127549601,0.4294117747853756
-1.026634022534705,-3.5041499123121485,-0.8768128643002229,0.4808317803532116
-1.0541473856921275,-3.490290387279932,-0.8682312160674606,0.49615980837429635
-1.085588299385999,-3.4704002635480142,-0.8754404874667839,0.4833259282346846
-1.1253560304051882,-3.4435028631778852,-0.8511109531749421,0.524985852557611
-1.1663850896645422,-3.417148061662483,-0.8266022345231461,0.5627865899977911
-1.217012549190519,-3.381801621983005,-0.8010891483014141,0.5985450496610217
-1.2732288208375522,-3.3386262559710094,-0.7806512991688045,0.6249668384050929
-1.3310550805634953,-3.289947387289622,-0.7695177415620263,0.6386254343676567
-1.3919167318267465,-3.239299659906789,-0.7689127630982038,0.6393537070704176
-1.452706600182021,-3.1903727460346687,-0.7637651747788424,0.6454941965618624
-1.512019791573199,-3.1400040694914106,-0.7608531201733614,0.6489241323317083
-1.5670875366926025,-3.0932475510382047,-0.7591247475807653,0.6509451725072083
-1.6145462935664567,-3.0529402075440615,-0.7507238978314018,0.66061609821804
-1.651934933921269,-3.0186479599251994,-0.7248119923824289,0.6889467147019527
-1.682401651006883,-2.9877663336789166,-0.7117999279765362,0.7023822766361619
-1.7032392037224562,-2.9648996676582016,-0.648825131683577,0.7609375457261843
-1.7253278299770547,-2.932576278740783,-0.5095780532391083,0.8604244346001806
-1.7439196031430653,-2.8976174096718244,-0.4088371186674572,0.9126073692446778
-1.7562047351082506,-2.8632166422820156,-0.3529468128906965,0.9356433868041283
-1.7719559560586051,-2.8233898863449176,-0.3189229594136786,0.9477806423212183
-1.7897478625357308,-2.7757342040753055,-0.3156742886552722,0.9488676111460377
-1.8061553843590166,-2.723706725319018,-0.3172144287343931,0.9483538401897852
-1.8240600925486776,-2.670919608166113,-0.32282799389356037,0.9464576516456822
-1.8426108469101297,-2.6153419826174584,-0.3295934130065189,0.9441229697993341
-1.8602591875713022,-2.5621517920296104,-0.32951583114745914,0.9441500500572985
-1.879322676989732,-2.5086205393045047,-0.3357341767384409,0.9419567731959687
-1.896714650122415,-2.456918619861056,-0.33181969945354384,0.9433428258351043
-1.9131529360491193,-2.4106736946137377,-0.3233396898982168,0.9462829624042298
-1.9300526835271035,-2.362180859825399,-0.30278050387210753,0.9530603162837872
-1.9456911027649229,-2.315687889387348,-0.30884593982171976,0.9511120782829111
-1.9637496314716774,-2.2604668288003724,-0.3093716539529692,0.9509412072943334
-1.981008293489546,-2.204656660885405,-0.29586696208601587,0.9552291561431696
-1.9981131349903218,-2.14022692259246,-0.2844384123920117,0.9586943149700596
-2.0172791714201477,-2.0731617041479744,-0.26589374353975653,0.9640023429154174
-2.0385576762847215,-2.0023758078424914,-0.2593535174189713,0.9657824563546428
-2.057498109289477,-1.9279467477981147,-0.2512740034901804,0.9679159959263081
-2.0758540243292782,-1.8558586142412823,-0.23508033547005389,0.971975944082613
-2.0931126863471468,-1.784080537172866,-0.2243837919453709,0.9745008537257503
-2.1072949380231494,-1.720162392085808,-0.2155518989421397,0.9764923854605512
-2.121928396549293,-1.6544149137170927,-0.1912760440016026,0.9815362830741903
-2.1329727096765922,-1.5912719098510757,-0.17258750804525794,0.9849941888492175
-2.1411251970825376,-1.5365314368211458,-0.14850349431676013,0.98891188291764
-2.149523797315832,-1.4740085459319616,-0.11621998461531648,0.993223497092178
-2.15530744875854,-1.41791932717742,-0.08820719015090346,0.9961021491823429
-2.1603527617192,-1.3522338601063884,-0.06494307824546972,0.9978889700703195
-2.1642700575545097,-1.2855717150968438,-0.06104247865558244,0.9981351691026535
-2.1698383602732876,-1.2104760336023719,-0.0665774285750126,0.9977812616021304
-2.176103982669555,-1.137705775771023,-0.07540736310955153,0.9971528115534068
-2.183015651237614,-1.0532463883263732,-0.07292923956572833,0.9973371175366755
-2.1890556702088113,-0.9565087639404304,-0.07415515020308505,0.9972467165643403
-2.195075179777729,-0.860267229935954,-0.07142995468041481,0.9974456183543813
-2.201228000461461,-0.751204860135456,-0.05841163384045053,0.9982925828794328
-2.2062015305141447,-0.6388093830844809,-0.04631062825441249,0.9989270872844932
-2.2110520041531534,-0.513065974207176,-0.029404266869071695,0.9995676010605248
-2.2145693666440205,-0.385136667086535,-0.014857984285475162,0.9998896140589583
-2.2163434299411633,-0.2534401736316336,-0.005065316616608315,0.9999871712014976
-2.2175329752733517,-0.12103055025337442,0.004256760148483665,0.9999909399554769
-2.2170304949175135,0.00576705068454645,0.00589530608711009,0.9999826225320815
-2.216097317113814,0.12799131841832415,0.0038318513936660826,0.999992658430499
-2.215297450424929,0.23429418547191558,1.775823072912545e-16,1.0
-2.215297450424929,0.3313883748195373,2.0018693555415005e-16,1.0
-2.216097317113814,0.4114914686019358,-0.005542393581428007,0.999984640818742
-2.216230628228628,0.48872653986648174,-0.004628670562553913,0.9999892876470344
-2.2157999307807668,0.5489550127413838,0.0034934572490413446,0.9999938978596065
-2.215707638470511,0.5961456102783727,0.007932694663885822,0.999968535682683
-2.2145898760462996,0.643010648502524,0.027728653659110064,0.9996154869579869
-2.212651737530924,0.6844341953549662,0.051250185643797304,0.9986858457350222
-2.2108981836360604,0.7253461490015213,0.0632242105279725,0.9979993482979408
-2.208067886121543,0.7665526563120719,0.07314591130202529,0.9973212499790609
-2.2052683527104455,0.8105341691939499,0.07767661015883966,0.9969786077114351
-2.2021406688628815,0.85549236001434,0.07316640991187076,0.9973197463504913
-2.199228333739248,0.9022023699942833,0.06865720856974446,0.997640309786754
-2.1941112378706107,0.951594368599029,0.08761216462230062,0.9961546609890428
-2.1907066770922787,0.9976377571288767,0.08528269451048404,0.9963567945354874
-2.183866791432197,1.0471072698557269,0.13357469288121046,0.9910387486983999
-2.1763193313934854,1.0891819353338437,0.19630455385733003,0.9805429731199315
-2.1662902336790015,1.1338610753146587,0.2557179760523606,0.9667514244746083
-2.1544768179662364,1.175811718197409,0.2973344365007038,0.9547733934661192
-2.139381897888813,1.222552733826194,0.3446493909754484,0.9387314830665118
-2.1234768564213655,1.267696958539634,0.35552323130389085,0.9346674446043576
-2.1047004986348425,1.3166548780605964,0.36628073493597796,0.9305043918299148
-2.0864984041121346,1.363240865445173,0.3617579169585233,0.9322720683994722
-2.0670144719469827,1.4130204346604396,0.35731189657583007,0.9339851222398478
-2.049130273159601,1.4587537667018706,0.34375933102655665,0.9390577843413972
-2.0311948008665213,1.5060063755365434,0.35061724829102603,0.9365188440180096
-2.013925884147513,1.5521737866617573,0.34416961496023235,0.9389074907242595
-1.9964723828079929,1.5982326780160259,0.34864330206250377,0.9372554870081868
-1.9818184148795712,1.640524383036034,0.3659585419201839,0.930631154429967
-1.965175034930075,1.6823975117966805,0.3582209931815974,0.9336368244901173
-1.9509210003460955,1.7201933977346493,0.33803559655060705,0.9411333250207833
-1.9372002102213726,1.7620510236708748,0.3208593511392385,0.9471268535874732
-1.923653750016023,1.802358367165018,0.31194703064556434,0.9500994948274709
-1.9106200248676495,1.8426657106591606,0.28944050367662566,0.9571960064853078
-1.8992065424993267,1.882197912932262,0.28479042452285397,0.9585898049218406
-1.8858856857190462,1.9237609852044921,0.2784123111090438,0.9604616520314181
-1.8740312512017223,1.9633086903020143,0.2896284825679162,0.9571391445789929
-1.8623819107071888,2.0015851637970288,0.2986704829729823,0.9543562975119331
-1.849676335995282,2.03828034920112,0.3349503779211957,0.9422357689721019
-1.8369194877776773,2.07082077766043,0.3657308251685081,0.9307206689020945
-1.824347224180585,2.1035937484860523,0.39967931589444566,0.9166550302301014
-1.8106982169638393,2.1362892051895708,0.4036351937564566,0.9149200130946901
-1.7962801071616268,2.168597091282568,0.4166502132505818,0.9090668841170295
-1.7814005358081342,2.202579282413015,0.40034831453732045,0.9163630432569433
-1.7663671439375481,2.2380807503367017,0.3914480564345834,0.9202002059951885
-1.752287439272941,2.2738922747488055,0.3737017918017993,0.9275489048045524
-1.738002640585543,2.3088511438177637,0.3508541374037276,0.9364301224686689
-1.7239229359209358,2.345375798153226,0.34926795359242685,0.9370228901117401
-1.70888954405035,2.383776294243608,0.35801378112617105,0.9337163019481571
-1.6940099726968576,2.4187196604881454,0.37902498604831614,0.9253864381711425
-1.6795918628946451,2.453089422229112,0.4128251921521791,0.9108102770195977
-1.6659428556778992,2.483971048475394,0.45068199978210627,0.8926845663908397
-1.65260148949534,2.510821940372261,0.46677905570383044,0.884373966801511
-1.64227500544781,2.5330994990649858,0.45020652126109467,0.8929244582908363
-1.6308717777806256,2.556214210276435,0.46412483749878153,0.8857697980947022
-1.619868483457885,2.576414390496769,0.4950392480322277,0.8688706134446523
-1.6063117685513948,2.5970021413276236,0.516510594002087,0.8562807987357952
-1.5881917116378035,2.621326072843896,0.5947591831018073,0.8039039209483126
