0.626971582000839,-0.21973499290548698,0.13807723523907317,-0.3450992208877424,-0.9378214368851351,-0.03738288727979406
0.6269629905128894,-0.21975840376645076,0.13807626538623002,-0.3422852418993113,-0.9390780489779255,-0.031196652156007643
0.6269529193016388,-0.21978622986727614,0.1380752597285279,-0.33924128168403833,-0.9403177473078966,-0.02679341148815583
0.6269412696506552,-0.21981844698315378,0.13807433071837272,-0.3402297422282133,-0.9398885269418954,-0.02921094702876904
0.6269279080903812,-0.21985540749811658,0.13807353372517628,-0.3378674329966278,-0.9408524493358926,-0.02534297336384808
0.6269127150969502,-0.21989782550791415,0.13807261133162457,-0.33706523436470687,-0.9413254514470469,-0.017129572110199307
0.6268960078559123,-0.21994521157125138,0.13807185267946687,-0.33474608636372977,-0.9422099764732029,-0.013616824098620174
0.6268770169008449,-0.21999917907112174,0.13807129583187966,-0.3333191998751289,-0.9426940996422273,-0.015038134669384428
0.6268557992047484,-0.2200579979929284,0.13806957372207934,-0.3337980614230912,-0.9424984037073737,-0.01660160230937122
0.6268332706541823,-0.22012259762072311,0.13806911618502832,-0.3311979878849735,-0.9435083913833415,-0.009990405905879084
0.626809554378258,-0.22019075734299035,0.1380687582836876,-0.32814718202942916,-0.9446107030460684,-0.00548147944965364
0.6267852811394596,-0.22025928012717724,0.13806759476246244,-0.33033168206993807,-0.9438050161993818,-0.010633495085329863
0.6267616030543115,-0.22032719513695573,0.1380670757654262,-0.3320397545011282,-0.9431861446233122,-0.01222693835115568
0.6267400064564895,-0.2203901526024382,0.1380672209681218,-0.3290936849284159,-0.9442673813798981,-0.007513920560307807
0.6267204555395046,-0.2204456223310715,0.138065903272801,-0.329477698819978,-0.9440453780775169,-0.01492548527754011
0.6267030338764694,-0.22049528937323148,0.13806434635517117,-0.33363962854455254,-0.9421972924447001,-0.030803577300848272
0.626690452576998,-0.22053823849533247,0.1380649346418274,-0.30598198598334064,-0.9519114066059572,-0.015482190644702232
0.6266843854650966,-0.2205709826801121,0.13806954816464762,-0.21710587201420334,-0.9729927770604868,0.07842254857548388
0.6266838482895783,-0.22059436776221836,0.1380765761789735,-0.05066042628023325,-0.9707871381420301,0.2345332676340654
0.6266832525892959,-0.22060642041200337,0.1380802789903806,-0.027235995343005442,-0.9626468492431751,0.2693867929202611
0.6266794953200086,-0.2206091370664202,0.1380773999190335,-0.7297449568028886,-0.0010884916448708714,-0.683718592117173
0.6266621821570069,-0.22060557271919415,0.1380596595293122,-0.6544599211428689,0.26999142833685685,-0.7062484267184554
0.6266161854396518,-0.22058926049878627,0.1380064874753829,-0.6425112538811417,0.25090326072206615,-0.724035111299941
0.6265345281326378,-0.22056660669919928,0.1379092206163421,-0.6354052327352503,0.2148742621955892,-0.7416800129830677
0.6264143677410695,-0.22056401304878973,0.1377656712071884,-0.6433087970016934,0.1152322924204421,-0.7568852690360434
0.6262533111911962,-0.22058090600410124,0.1375482716929351,-0.6218526519398649,0.02886676071778209,-0.7826020632486342
0.626095440722285,-0.22057566527798989,0.13730976498569425,-0.5883899318781699,0.05345203563348217,-0.8068086315546208
0.6259651322776917,-0.2205354702925491,0.1370544948404998,-0.5128989123907954,0.17391200006047566,-0.8406481558317392
0.6258991689016122,-0.22042413174006142,0.13683115518899636,-0.2867573767536491,0.5668739936051925,-0.7722849747673884
0.6259369903116734,-0.22021513654449132,0.1367705406544535,0.28879232630106527,0.9500203419995324,0.11857631321942268
0.6260981177628328,-0.21991058516343615,0.13696202597469065,0.4147437968223119,0.6634373308131174,0.6227668031301756
0.6264291949293018,-0.21947429010088218,0.13756512610912863,0.3922387831313752,0.49724029839891837,0.77388682806711
0.6269575632634499,-0.2188461015934327,0.13885988383587738,0.34101674008799027,0.40327829911734575,0.8491608778322167
0.6276638829768418,-0.2179775916915392,0.14099974595504533,0.28946569335365163,0.3521526719004057,0.890055115172479
0.628549848992087,-0.21687611085996267,0.1441117630797457,0.24726580902563175,0.3181028408450135,0.9152432476305039
0.6296111494464293,-0.2155083724897277,0.14841800846675507,0.21219545700182568,0.2924323597828828,0.9324464611867006
0.630814983753139,-0.2137659599792129,0.15424986431181087,0.1800816420779151,0.27612154441458264,0.9441014219333786
0.6320987208242995,-0.21163174351730232,0.16162811065555077,0.15225116600407215,0.2703607989843549,0.9506443187769765
0.6333894161996085,-0.2089662583683126,0.17069968588498102,0.12638249343956431,0.27795168535035586,0.9522448876013434
0.6346237628661132,-0.2058261721295921,0.1811487543137857,0.1043786425558683,0.29036518605244077,0.9512061594138915
0.6357732013871069,-0.20209680419891926,0.19286041766878975,0.08375640986036871,0.3085834253242357,0.9475025770004342
0.6367630520368235,-0.19766507446567327,0.2056934838127416,0.0634306561212795,0.33350696979432015,0.940611318751074
0.6375563451180608,-0.1924735331196739,0.2193870588505969,0.043564225361930796,0.3633927332969953,0.9306169349713952
0.6380877242858009,-0.18639958958776598,0.2339627820277551,0.023140389371507336,0.39717825829286846,0.9174497008115369
0.6383025785954711,-0.17944303102321882,0.24919177224215117,0.003028269552595621,0.4319169501958271,0.9019082978424425
0.6382201381199423,-0.1717443173093619,0.26473067427017294,-0.016140469701688497,0.4634896702003773,0.8859553097393538
0.6377695060566594,-0.16321728463382404,0.2806477477414942,-0.035517283908354,0.4917710637220095,0.8699998525456751
0.6369287817025249,-0.15397936335945064,0.29664662923448826,-0.053578768918386206,0.5150709893512252,0.8554713270764487
0.6357057026607543,-0.14409665771182656,0.3127020643471055,-0.07122563680164454,0.5341563255033391,0.84237991938731
0.6341648781957505,-0.13378335994056123,0.32861967518188034,-0.0885102157798966,0.5508713610149416,0.8298835372003364
0.6322837418618158,-0.12290651004877637,0.3445880996852935,-0.1062318526663162,0.5689034035514844,0.8155143842426196
0.6300792050247557,-0.11166520637916745,0.3602361377289866,-0.123466712832535,0.5885641343319495,0.7989669771651463
0.6275525570236853,-0.09995459755105089,0.3755244375664727,-0.14064435374798995,0.613444453980117,0.7771132913802506
0.6247173573376262,-0.0878207715989023,0.39013153222464975,-0.15609543124561603,0.6439935846788685,0.74893689936917
0.6215590332117172,-0.07500215536271157,0.4041132545902782,-0.17067386248621538,0.6794394190707591,0.7136052889916287
0.6181682308711467,-0.06167703792274165,0.417330155907358,-0.18315801669559797,0.7147035442980951,0.6750199883617342
0.6145929206533401,-0.0478272999624858,0.42969358690678505,-0.19329685336618826,0.747980645059861,0.6349498256512593
0.610863275084809,-0.03349274760152652,0.44129328687366715,-0.20238284713997323,0.7795105658394692,0.5927937760538219
0.6070453406332752,-0.018881402365960743,0.45197559396488557,-0.20995527243482828,0.8068868118991158,0.5521344549655435
0.603224961245118,-0.00419007948739192,0.4616462002632095,-0.21499680564896267,0.8293334747453064,0.5157347779892474
0.599421880884186,0.010602553901878644,0.47051324388519195,-0.2178264667128822,0.8498594486960429,0.4798859738119461
0.5957153460410685,0.02526811251244121,0.4784874920054023,-0.21823796380024346,0.8677826528391663,0.4464587983092531
0.5921232148964172,0.0398596063914024,0.4856862632389313,-0.2158891131116667,0.8853334458285723,0.4117967709163882
0.5887459924722447,0.054092645181149895,0.4919756363423003,-0.21068790284609773,0.9007946916357693,0.37970979855033044
0.5855309974865499,0.06819686028823128,0.4976169636725823,-0.20494214732415145,0.9167719200219339,0.34282351568914127
0.5824286021617494,0.08229470003514193,0.5024603968990906,-0.19991602998518593,0.9322266590518749,0.30164057603038397
0.5793729107788385,0.09655793030586908,0.5066086860285897,-0.19766876814304477,0.9461881898540468,0.2562322530079566
0.5762856173406863,0.1111275198133497,0.5100622938545609,-0.19898310458600996,0.9581932449538628,0.205600168808539
0.5730929477868745,0.1261002065304046,0.5127762077293658,-0.20287319407594012,0.9676004486659502,0.15030581780782118
0.5698878133614317,0.14099748258371733,0.5147105011712632,-0.20866828839488333,0.9730499045496455,0.09813984244065106
0.5665988354934669,0.15630761308469404,0.5158236117735352,-0.21300177697023412,0.976094278397167,0.043245840121758236
0.5632447109158765,0.17192428401610813,0.5160727525737623,-0.21364923223129437,0.9768478683077504,-0.01105657042587751
0.5599069816703819,0.1875843446635979,0.5155398426562177,-0.21007562563600615,0.9756906816065823,-0.06241734806704949
0.5566516542213402,0.20333729134586948,0.514181911358173,-0.20149114777397706,0.9730548277090377,-0.11209647470308842
0.553506386851121,0.21923160325420088,0.5119358798834436,-0.18841956849294672,0.9689097732797578,-0.1603493606220502
0.5505530951573196,0.23496381817488662,0.5089865225475504,-0.17286647269154454,0.9635091952912254,-0.20437028455340286
0.547802840720603,0.25077822319052917,0.5052231846003633,-0.1560984678431858,0.9555027706739141,-0.25029527277094854
0.5453283747691825,0.2664111029120059,0.5006617660407249,-0.14059309699476497,0.9452028078041251,-0.29466121766635445
0.5431116541720127,0.2818179903229155,0.4954253778203825,-0.1268516511792717,0.9325005947116546,-0.33815868975305463
0.5411061440946608,0.2969309654703695,0.48959693202263993,-0.11564712604626817,0.9170361929020505,-0.38166787020255133
0.5393107516861024,0.3116090321507395,0.48312088479267795,-0.10637074368067669,0.8986998193142737,-0.42546903489362375
0.5376711360169754,0.32582146458804806,0.4760390124352402,-0.09843977554803683,0.877775873758281,-0.46884872404426836
0.5361339594141842,0.33976904637706795,0.46811070142980654,-0.09096415324919103,0.8526742539407127,-0.5144629622142944
0.534725796639973,0.3532064886745589,0.45945306872826663,-0.08469344895297058,0.8262454864045318,-0.5569070083062245
0.53340303524429,0.366492891988959,0.44995387454825536,-0.07784113370600532,0.7957637469919073,-0.6005837301132653
0.5321806627109544,0.3792346248126244,0.4399010538357106,-0.07133372274236564,0.7651130656653377,-0.63993241576584
0.5310693123097611,0.39136123760271296,0.42922353143936703,-0.0654587941050855,0.7340941482184162,-0.6758852919140836
0.5300858241528903,0.403071008890677,0.41777529939919045,-0.05816074490082638,0.6994901524209476,-0.7122716156205444
0.5291991272099997,0.4142004399627761,0.4058650527743115,-0.05018345593850241,0.6633770725635835,-0.7466006163585981
0.5284792170382656,0.42462534703787647,0.3934444179366959,-0.04025175133894775,0.6251077170393979,-0.7794999285515936
0.5278959492135166,0.43462012705428416,0.3802792218341447,-0.028335975591876266,0.5808100199113269,-0.8135458150945531
0.5274986402555146,0.44383227067305026,0.3668541727515504,-0.01575969073565254,0.5364759048567895,-0.843768472779118
0.5273522219798272,0.4523075473334413,0.3528253837388959,-0.001395388005515851,0.4908318417864522,-0.8712532100261285
0.5274895878868481,0.4600348331343473,0.33822450777761537,0.015184393417875757,0.44689237963188716,-0.8944588504920059
0.5278871575764293,0.46709969360242315,0.32318748319789575,0.03111023868308541,0.40707203470262104,-0.9128660973068009
0.5285990772442405,0.4735437587330238,0.3075760197664358,0.048474051616069914,0.36849583927689267,-0.9283647358422987
0.5296373672035882,0.4795494103500448,0.29137407924091724,0.06852977114409387,0.3281691383437237,-0.9421298674310649
0.5309988810025641,0.484898593075062,0.27499822474819124,0.08870669621835141,0.2898925583612036,-0.9529393614773299
0.5327858213132692,0.4896135248374465,0.2583061654469242,0.11124452620581105,0.25031976009564716,-0.9617508373247732
0.5349618520686232,0.49362031047977684,0.2414822493472068,0.13375636478074654,0.21188130972251248,-0.9680989337205742
0.5374519250470263,0.49703019647304003,0.22455988752690847,0.1547701201803339,0.17433871170227552,-0.9724465144682024
0.540239297060542,0.4998158337465857,0.20756328147512582,0.17176628760395676,0.13815733335734245,-0.9754019139218165
0.5432367251893016,0.501901420775287,0.19086817261298644,0.18407873829408034,0.10647595377462998,-0.9771273659947521
0.5463470374012654,0.5034540680419675,0.17438172208180674,0.19084264237770615,0.07713184981599576,-0.9785855933919413
0.5494469350140798,0.5044967714441801,0.15837421052616396,0.1937950371691649,0.04962944098183242,-0.9797858960795632
0.5524720301005727,0.5050248520581648,0.14302842455570558,0.19117143994235794,0.026004939630238828,-0.9812121196077804
0.555410623891495,0.5052136279260186,0.12799006925149553,0.1879769282559698,-0.0011017138363577043,-0.982172826273499
0.558183105682473,0.5049968944858203,0.11350814342070263,0.18215758952054167,-0.0286647808545774,-0.9828514348153666
0.5607295071784869,0.5044160398491087,0.09975650493950958,0.17657874139291604,-0.05489993071867611,-0.9827542651625474
0.563060430690111,0.5035526888435755,0.08659045449842619,0.16993317823883797,-0.07926784599454458,-0.9822623496424122
0.5651889499168703,0.5024573482518955,0.07407130923377446,0.16314933033352474,-0.09913858384163282,-0.9816077817568472
0.5670821768176378,0.5011971532307422,0.06219063198992422,0.1557839837352203,-0.11213570488046998,-0.9814055910287778
0.568852873443681,0.49984586932661706,0.05077983809949266,0.1464846884998761,-0.12088807632901259,-0.9817985073509559
0.5704297304702142,0.49844386356614534,0.03964772852217615,0.1342055296429403,-0.12502992764617202,-0.9830342786526067
0.5718248373736716,0.49704975184889466,0.028800763412606747,0.12168632214337284,-0.12415405867779995,-0.9847731762781968
0.5730277800915213,0.49572402156331413,0.018091180220294288,0.10624566242348056,-0.1202001111414208,-0.9870480193474813
0.5740701162113547,0.49448925868220645,0.007601306661930988,0.08991047982745386,-0.1124219578021866,-0.9895844628030093
0.5749254289007827,0.49340603460021987,-0.002503092603999852,0.07663992478142252,-0.10213628683174351,-0.9918137430191829
0.5756292026689753,0.49246881136284687,-0.01205669896489095,0.0668516147891491,-0.0910037485006649,-0.9936041361422119
0.5762543609325789,0.4916828074994289,-0.021150997844200055,0.063249340469639,-0.08003280871651988,-0.9947835294470353
0.5768267750068918,0.4910171694390885,-0.029739282503336455,0.06293758824792556,-0.06834427913142244,-0.9956746052278026
0.5773787283798286,0.49048275016927445,-0.03772391406923649,0.07080387724218493,-0.05662749013355799,-0.9958815885077138
0.5779567542749782,0.49010163942616,-0.0450266813305433,0.08583147163934456,-0.04255385783094108,-0.9954004860657485
0.5785922199175936,0.48987481854976084,-0.051560128849171015,0.11293286523345969,-0.026225004966940635,-0.9932564709402326
0.5793382375497959,0.4898044780430147,-0.057300449323157754,0.15077051606513361,-0.004178246517595366,-0.9885599596086682
0.5801856146733572,0.48988748357430917,-0.0620601422699285,0.20758828658207845,0.02548891071940424,-0.9778841540306576
0.5811878084329221,0.4900942581254126,-0.06576840721770638,0.2875845880846414,0.06674089140160858,-0.9554270030259276
0.5822917130341759,0.4903883850393591,-0.068638860062625,0.4125358518097973,0.13102255466008464,-0.9014695009493722
0.5834633756942572,0.49077491739367324,-0.07059488051656762,0.5938112838220382,0.23150566045250487,-0.770579839071898
0.584606671250181,0.49123997943733194,-0.0716777354482943,0.8190972411753144,0.3638020990297915,-0.44354001199497955
0.585700970533364,0.4917531549101301,-0.07203794968802943,0.8866117493612017,0.4454112952579075,0.12461293653286033
0.5866667456199397,0.49229505929263584,-0.07173000003249808,0.7280498532169816,0.4101443533421025,0.5492950215069496
0.5874622159896427,0.49280792462512796,-0.07096434803702391,0.5543456397462782,0.36300879395832375,0.7489496159310137
0.5880673477347989,0.4932499888201303,-0.07004947726451666,0.38870614809611503,0.32683498333888406,0.8614443824752428
0.5884266355891388,0.4935978861225644,-0.06915944016976405,0.21319650334025922,0.3082392547616619,0.9271115427970155
0.5885464174170915,0.49385359583031446,-0.0683744232178449,-0.05523746075851141,0.3259067305026713,0.9437868540841259
0.5884582664848049,0.4940277383081157,-0.0678621826843975,-0.5621941153522233,0.3189807453975489,0.7630131458428191
0.5882132048332858,0.49411843575284975,-0.06761088469427597,-0.9890524323975729,0.14724674866560658,0.00967889331753009
0.5878430796032774,0.49414406795071236,-0.06763163501382385,-0.8695454480235855,-0.037234597214854746,-0.4924472546290716
0.587414010647957,0.49411492323477363,-0.06787346211894585,-0.7441107531663839,-0.12024435382938763,-0.657145708647869
0.5869762733065025,0.4940458395461969,-0.06825208135874616,-0.6860301870924551,-0.1521030358797989,-0.7114964854966183
0.5865243302503829,0.49395537779724646,-0.06871082312889534,-0.6740619057227842,-0.15109630379268293,-0.7230563285343389
0.5860733666005864,0.4938685768559296,-0.06919143340612742,-0.6931780734279291,-0.1309965697891769,-0.7087623418482486
0.585637779808732,0.4937990412027797,-0.06963781593173438,-0.7224447937884086,-0.09197011596455215,-0.6852846253181889
0.585219049491498,0.49375479394533067,-0.07003223596843558,-0.7513970209254472,-0.04653360495524548,-0.658207520888536
0.5848166143535604,0.4937350257223054,-0.07038020471258044,-0.772112988679685,-0.008311423042231373,-0.635430919108551
0.5844412280034357,0.4937308018098397,-0.07068826358650265,-0.7854883182332784,0.018747231281138928,-0.6185924694322971
0.5840824881784143,0.4937358019864728,-0.07096968587078367,-0.7971093480772621,0.04540564329746245,-0.6021254144815563
0.5837327132004174,0.49375899232751136,-0.0712242487108905,-0.8072939874783167,0.06150053346579902,-0.5869361993988627
0.5833735881891519,0.4937889919140838,-0.07147109391765535,-0.818874884293939,0.06231527938156828,-0.5705792931996263
0.5830244437300076,0.4938156543329018,-0.07170866270187984,-0.8218764222715483,0.03887902929800111,-0.5683375472331251
0.5826591820695498,0.49383000082053335,-0.07197125625989834,-0.8096593523684575,0.006994996500040857,-0.5868584183142082
0.5822614487414325,0.4938233630105498,-0.07228603161108646,-0.78269164025355,-0.023631476680547006,-0.6219608907215181
0.5817967701725295,0.49379083171569466,-0.07269438132629391,-0.7496292781795035,-0.05528030020032955,-0.6595453234659753
0.5812181108511906,0.49372513791182226,-0.07323698861948373,-0.7236840962602061,-0.08197812892559875,-0.6852451497076842
0.5805133247081128,0.4936273676400531,-0.07392112925850541,-0.7063920481033128,-0.101262146674158,-0.7005399717556081
0.5796853444173614,0.49350106298714697,-0.07474379497992079,-0.6967889289095318,-0.11234253375874116,-0.7084238446422972
0.5787161031240828,0.4933514236499967,-0.07571891473361839,-0.6935477339851299,-0.11607853800548831,-0.7109974076595498
0.5776000758774679,0.49317981272406736,-0.07684292965444703,-0.694662932740397,-0.11382361508641088,-0.7102729014436432
0.5763486776683852,0.49299110101538923,-0.07810072111482955,-0.699754359086137,-0.1072498628634396,-0.7062869840622316
0.5749947872818985,0.4927955171334349,-0.07946142115727359,-0.7062489495966643,-0.09747463967193894,-0.7012211604154812
0.5735689781712555,0.4926074793986226,-0.08088700717555095,-0.7113272759891033,-0.08702380416057244,-0.6974527682526926
0.5721103760657978,0.49243697761615246,-0.08233759536607729,-0.7132777014155142,-0.07695517998283198,-0.696643969999892
0.570636293931601,0.492276829338377,-0.08379394558382416,-0.7121494621012261,-0.06963334639557245,-0.6985659172180451
0.5691503749009296,0.49212129739967675,-0.08524981021430764,-0.7115049088929946,-0.06682245534913366,-0.6994966219234262
0.5676834938889107,0.49197390919356015,-0.08667624791653954,-0.7123694004967944,-0.0686700118624237,-0.6984370169934098
0.5662504558817322,0.4918311117109952,-0.0880560419596887,-0.7171138543836444,-0.07249516380206159,-0.6931754259033895
0.5648188642093714,0.49169385931451587,-0.08940697703868757,-0.726520809628489,-0.07368293820234677,-0.6831825069442529
0.5634023135720242,0.4915649011807594,-0.0907054478050649,-0.7389900673599549,-0.07062145009771469,-0.6700046948562565
0.562034681561257,0.49145095074734135,-0.0919157493781265,-0.7540264324872453,-0.06329802643110112,-0.6537870440445306
0.5607058488949863,0.4913556109709593,-0.09304343608476444,-0.7698438940201218,-0.052740248146382444,-0.6360494045790732
0.559399919493492,0.49128297244059504,-0.09411020592042718,-0.783881791318701,-0.0386846911031777,-0.6197038259630451
0.5581376346505944,0.4912333336064332,-0.09510844020497462,-0.7935501958245067,-0.021729114836035457,-0.6081167094196058
0.5569447710911754,0.4912041924409226,-0.09603069837568329,-0.7970545312037117,-0.004991113171191284,-0.6038867137774632
0.5558301354533962,0.4911925296812903,-0.09688788083175304,-0.7954579015195165,0.0073588674369221485,-0.6059641688913736
0.5547993775447992,0.49119178182278833,-0.09768165218307787,-0.7904436450062539,0.009608779394294394,-0.6124593990035415
0.5538368965866555,0.49119587130841835,-0.09842748479887227,-0.7856562257318095,0.0009956547653469762,-0.6186625119080972
0.5529030534160965,0.49119288494480967,-0.09914933882489349,-0.7847855685342953,-0.010656590426982188,-0.6196757607820194
0.551975392790833,0.4911793183491154,-0.09985953286970876,-0.7881177270650579,-0.01950157009623829,-0.6152155208133067
0.5510704903566038,0.49116293655356286,-0.10054618759281288,-0.7950799741772552,-0.022899723126748175,-0.606072138728562
0.5501755053195169,0.49114726697134936,-0.10121576195433803,-0.8039734244826147,-0.01953294972809023,-0.5943443417755545
0.5492841009222621,0.4911370059658421,-0.1018709859599911,-0.8136849613794401,-0.012470572252284255,-0.5811723225108362
0.5484152572650093,0.49113090358762096,-0.1024943762312596,-0.8219331785388254,-0.0029041315826240457,-0.5695765234249164
0.5475790563908788,0.49112899866106363,-0.10307716553723205,-0.8271745768925521,0.007971714674785977,-0.561888486363416
0.626971582000839,-0.21973499290548698,0.13807723523907317,-0.3450992208877424,-0.9378214368851351,-0.03738288727979406
0.6269629905128894,-0.21975840376645076,0.13807626538623002,-0.3422852418993113,-0.9390780489779255,-0.031196652156007643
0.6269529193016388,-0.21978622986727614,0.1380752597285279,-0.33924128168403833,-0.9403177473078966,-0.02679341148815583
0.6269412696506552,-0.21981844698315378,0.13807433071837272,-0.3402297422282133,-0.9398885269418954,-0.02921094702876904
0.6269279080903812,-0.21985540749811658,0.13807353372517628,-0.3378674329966278,-0.9408524493358926,-0.02534297336384808
0.6269127150969502,-0.21989782550791415,0.13807261133162457,-0.33706523436470687,-0.9413254514470469,-0.017129572110199307
0.6268960078559123,-0.21994521157125138,0.13807185267946687,-0.33474608636372977,-0.9422099764732029,-0.013616824098620174
0.6268770169008449,-0.21999917907112174,0.13807129583187966,-0.3333191998751289,-0.9426940996422273,-0.015038134669384428
0.6268557992047484,-0.2200579979929284,0.13806957372207934,-0.3337980614230912,-0.9424984037073737,-0.01660160230937122
0.6268332706541823,-0.22012259762072311,0.13806911618502832,-0.3311979878849735,-0.9435083913833415,-0.009990405905879084
0.626809554378258,-0.22019075734299035,0.1380687582836876,-0.32814718202942916,-0.9446107030460684,-0.00548147944965364
0.6267852811394596,-0.22025928012717724,0.13806759476246244,-0.33033168206993807,-0.9438050161993818,-0.010633495085329863
0.6267616030543115,-0.22032719513695573,0.1380670757654262,-0.3320397545011282,-0.9431861446233122,-0.01222693835115568
0.6267400064564895,-0.2203901526024382,0.1380672209681218,-0.3290936849284159,-0.9442673813798981,-0.007513920560307807
0.6267204555395046,-0.2204456223310715,0.138065903272801,-0.329477698819978,-0.9440453780775169,-0.01492548527754011
0.6267030338764694,-0.22049528937323148,0.13806434635517117,-0.33363962854455254,-0.9421972924447001,-0.030803577300848272
0.626690452576998,-0.22053823849533247,0.1380649346418274,-0.30598198598334064,-0.9519114066059572,-0.015482190644702232
0.6266843854650966,-0.2205709826801121,0.13806954816464762,-0.21710587201420334,-0.9729927770604868,0.07842254857548388
0.6266838482895783,-0.22059436776221836,0.1380765761789735,-0.05066042628023325,-0.9707871381420301,0.2345332676340654
0.6266832525892959,-0.22060642041200337,0.1380802789903806,-0.027235995343005442,-0.9626468492431751,0.2693867929202611
0.6266794953200086,-0.2206091370664202,0.1380773999190335,-0.7297449568028886,-0.0010884916448708714,-0.683718592117173
0.6266621821570069,-0.22060557271919415,0.1380596595293122,-0.6544599211428689,0.26999142833685685,-0.7062484267184554
0.6266161854396518,-0.22058926049878627,0.1380064874753829,-0.6425112538811417,0.25090326072206615,-0.724035111299941
0.6265345281326378,-0.22056660669919928,0.1379092206163421,-0.6354052327352503,0.2148742621955892,-0.7416800129830677
0.6264143677410695,-0.22056401304878973,0.1377656712071884,-0.6433087970016934,0.1152322924204421,-0.7568852690360434
0.6262533111911962,-0.22058090600410124,0.1375482716929351,-0.6218526519398649,0.02886676071778209,-0.7826020632486342
0.626095440722285,-0.22057566527798989,0.13730976498569425,-0.5883899318781699,0.05345203563348217,-0.8068086315546208
0.6259651322776917,-0.2205354702925491,0.1370544948404998,-0.5128989123907954,0.17391200006047566,-0.8406481558317392
0.6258991689016122,-0.22042413174006142,0.13683115518899636,-0.2867573767536491,0.5668739936051925,-0.7722849747673884
0.6259369903116734,-0.22021513654449132,0.1367705406544535,0.28879232630106527,0.9500203419995324,0.11857631321942268
0.6260981177628328,-0.21991058516343615,0.13696202597469065,0.4147437968223119,0.6634373308131174,0.6227668031301756
0.6264291949293018,-0.21947429010088218,0.13756512610912863,0.3922387831313752,0.49724029839891837,0.77388682806711
0.6269575632634499,-0.2188461015934327,0.13885988383587738,0.34101674008799027,0.40327829911734575,0.8491608778322167
0.6276638829768418,-0.2179775916915392,0.14099974595504533,0.28946569335365163,0.3521526719004057,0.890055115172479
0.628549848992087,-0.21687611085996267,0.1441117630797457,0.24726580902563175,0.3181028408450135,0.9152432476305039
0.6296111494464293,-0.2155083724897277,0.14841800846675507,0.21219545700182568,0.2924323597828828,0.9324464611867006
0.630814983753139,-0.2137659599792129,0.15424986431181087,0.1800816420779151,0.27612154441458264,0.9441014219333786
0.6320987208242995,-0.21163174351730232,0.16162811065555077,0.15225116600407215,0.2703607989843549,0.9506443187769765
0.6333894161996085,-0.2089662583683126,0.17069968588498102,0.12638249343956431,0.27795168535035586,0.9522448876013434
0.6346237628661132,-0.2058261721295921,0.1811487543137857,0.1043786425558683,0.29036518605244077,0.9512061594138915
0.6357732013871069,-0.20209680419891926,0.19286041766878975,0.08375640986036871,0.3085834253242357,0.9475025770004342
0.6367630520368235,-0.19766507446567327,0.2056934838127416,0.0634306561212795,0.33350696979432015,0.940611318751074
0.6375563451180608,-0.1924735331196739,0.2193870588505969,0.043564225361930796,0.3633927332969953,0.9306169349713952
0.6380877242858009,-0.18639958958776598,0.2339627820277551,0.023140389371507336,0.39717825829286846,0.9174497008115369
0.6383025785954711,-0.17944303102321882,0.24919177224215117,0.003028269552595621,0.4319169501958271,0.9019082978424425
0.6382201381199423,-0.1717443173093619,0.26473067427017294,-0.016140469701688497,0.4634896702003773,0.8859553097393538
0.6377695060566594,-0.16321728463382404,0.2806477477414942,-0.035517283908354,0.4917710637220095,0.8699998525456751
0.6369287817025249,-0.15397936335945064,0.29664662923448826,-0.053578768918386206,0.5150709893512252,0.8554713270764487
0.6357057026607543,-0.14409665771182656,0.3127020643471055,-0.07122563680164454,0.5341563255033391,0.84237991938731
0.6341648781957505,-0.13378335994056123,0.32861967518188034,-0.0885102157798966,0.5508713610149416,0.8298835372003364
0.6322837418618158,-0.12290651004877637,0.3445880996852935,-0.1062318526663162,0.5689034035514844,0.8155143842426196
0.6300792050247557,-0.11166520637916745,0.3602361377289866,-0.123466712832535,0.5885641343319495,0.7989669771651463
0.6275525570236853,-0.09995459755105089,0.3755244375664727,-0.14064435374798995,0.613444453980117,0.7771132913802506
0.6247173573376262,-0.0878207715989023,0.39013153222464975,-0.15609543124561603,0.6439935846788685,0.74893689936917
0.6215590332117172,-0.07500215536271157,0.4041132545902782,-0.17067386248621538,0.6794394190707591,0.7136052889916287
0.6181682308711467,-0.06167703792274165,0.417330155907358,-0.18315801669559797,0.7147035442980951,0.6750199883617342
0.6145929206533401,-0.0478272999624858,0.42969358690678505,-0.19329685336618826,0.747980645059861,0.6349498256512593
0.610863275084809,-0.03349274760152652,0.44129328687366715,-0.20238284713997323,0.7795105658394692,0.5927937760538219
0.6070453406332752,-0.018881402365960743,0.45197559396488557,-0.20995527243482828,0.8068868118991158,0.5521344549655435
0.603224961245118,-0.00419007948739192,0.4616462002632095,-0.21499680564896267,0.8293334747453064,0.5157347779892474
0.599421880884186,0.010602553901878644,0.47051324388519195,-0.2178264667128822,0.8498594486960429,0.4798859738119461
0.5957153460410685,0.02526811251244121,0.4784874920054023,-0.21823796380024346,0.8677826528391663,0.4464587983092531
0.5921232148964172,0.0398596063914024,0.4856862632389313,-0.2158891131116667,0.8853334458285723,0.4117967709163882
0.5887459924722447,0.054092645181149895,0.4919756363423003,-0.21068790284609773,0.9007946916357693,0.37970979855033044
0.5855309974865499,0.06819686028823128,0.4976169636725823,-0.20494214732415145,0.9167719200219339,0.34282351568914127
0.5824286021617494,0.08229470003514193,0.5024603968990906,-0.19991602998518593,0.9322266590518749,0.30164057603038397
0.5793729107788385,0.09655793030586908,0.5066086860285897,-0.19766876814304477,0.9461881898540468,0.2562322530079566
0.5762856173406863,0.1111275198133497,0.5100622938545609,-0.19898310458600996,0.9581932449538628,0.205600168808539
0.5730929477868745,0.1261002065304046,0.5127762077293658,-0.20287319407594012,0.9676004486659502,0.15030581780782118
0.5698878133614317,0.14099748258371733,0.5147105011712632,-0.20866828839488333,0.9730499045496455,0.09813984244065106
0.5665988354934669,0.15630761308469404,0.5158236117735352,-0.21300177697023412,0.976094278397167,0.043245840121758236
0.5632447109158765,0.17192428401610813,0.5160727525737623,-0.21364923223129437,0.9768478683077504,-0.01105657042587751
0.5599069816703819,0.1875843446635979,0.5155398426562177,-0.21007562563600615,0.9756906816065823,-0.06241734806704949
0.5566516542213402,0.20333729134586948,0.514181911358173,-0.20149114777397706,0.9730548277090377,-0.11209647470308842
0.553506386851121,0.21923160325420088,0.5119358798834436,-0.18841956849294672,0.9689097732797578,-0.1603493606220502
0.5505530951573196,0.23496381817488662,0.5089865225475504,-0.17286647269154454,0.9635091952912254,-0.20437028455340286
0.547802840720603,0.25077822319052917,0.5052231846003633,-0.1560984678431858,0.9555027706739141,-0.25029527277094854
0.5453283747691825,0.2664111029120059,0.5006617660407249,-0.14059309699476497,0.9452028078041251,-0.29466121766635445
0.5431116541720127,0.2818179903229155,0.4954253778203825,-0.1268516511792717,0.9325005947116546,-0.33815868975305463
0.5411061440946608,0.2969309654703695,0.48959693202263993,-0.11564712604626817,0.9170361929020505,-0.38166787020255133
0.5393107516861024,0.3116090321507395,0.48312088479267795,-0.10637074368067669,0.8986998193142737,-0.42546903489362375
0.5376711360169754,0.32582146458804806,0.4760390124352402,-0.09843977554803683,0.877775873758281,-0.46884872404426836
0.5361339594141842,0.33976904637706795,0.46811070142980654,-0.09096415324919103,0.8526742539407127,-0.5144629622142944
0.534725796639973,0.3532064886745589,0.45945306872826663,-0.08469344895297058,0.8262454864045318,-0.5569070083062245
0.53340303524429,0.366492891988959,0.44995387454825536,-0.07784113370600532,0.7957637469919073,-0.6005837301132653
0.5321806627109544,0.3792346248126244,0.4399010538357106,-0.07133372274236564,0.7651130656653377,-0.63993241576584
0.5310693123097611,0.39136123760271296,0.42922353143936703,-0.0654587941050855,0.7340941482184162,-0.6758852919140836
0.5300858241528903,0.403071008890677,0.41777529939919045,-0.05816074490082638,0.6994901524209476,-0.7122716156205444
0.5291991272099997,0.4142004399627761,0.4058650527743115,-0.05018345593850241,0.6633770725635835,-0.7466006163585981
0.5284792170382656,0.42462534703787647,0.3934444179366959,-0.04025175133894775,0.6251077170393979,-0.7794999285515936
0.5278959492135166,0.43462012705428416,0.3802792218341447,-0.028335975591876266,0.5808100199113269,-0.8135458150945531
0.5274986402555146,0.44383227067305026,0.3668541727515504,-0.01575969073565254,0.5364759048567895,-0.843768472779118
0.5273522219798272,0.4523075473334413,0.3528253837388959,-0.001395388005515851,0.4908318417864522,-0.8712532100261285
0.5274895878868481,0.4600348331343473,0.33822450777761537,0.015184393417875757,0.44689237963188716,-0.8944588504920059
0.5278871575764293,0.46709969360242315,0.32318748319789575,0.03111023868308541,0.40707203470262104,-0.9128660973068009
0.5285990772442405,0.4735437587330238,0.3075760197664358,0.048474051616069914,0.36849583927689267,-0.9283647358422987
0.5296373672035882,0.4795494103500448,0.29137407924091724,0.06852977114409387,0.3281691383437237,-0.9421298674310649
0.5309988810025641,0.484898593075062,0.27499822474819124,0.08870669621835141,0.2898925583612036,-0.9529393614773299
0.5327858213132692,0.4896135248374465,0.2583061654469242,0.11124452620581105,0.25031976009564716,-0.9617508373247732
0.5349618520686232,0.49362031047977684,0.2414822493472068,0.13375636478074654,0.21188130972251248,-0.9680989337205742
0.5374519250470263,0.49703019647304003,0.22455988752690847,0.1547701201803339,0.17433871170227552,-0.9724465144682024
0.540239297060542,0.4998158337465857,0.20756328147512582,0.17176628760395676,0.13815733335734245,-0.9754019139218165
0.5432367251893016,0.501901420775287,0.19086817261298644,0.18407873829408034,0.10647595377462998,-0.9771273659947521
0.5463470374012654,0.5034540680419675,0.17438172208180674,0.19084264237770615,0.07713184981599576,-0.9785855933919413
0.5494469350140798,0.5044967714441801,0.15837421052616396,0.1937950371691649,0.04962944098183242,-0.9797858960795632
0.5524720301005727,0.5050248520581648,0.14302842455570558,0.19117143994235794,0.026004939630238828,-0.9812121196077804
0.555410623891495,0.5052136279260186,0.12799006925149553,0.1879769282559698,-0.0011017138363577043,-0.982172826273499
0.558183105682473,0.5049968944858203,0.11350814342070263,0.18215758952054167,-0.0286647808545774,-0.9828514348153666
0.5607295071784869,0.5044160398491087,0.09975650493950958,0.17657874139291604,-0.05489993071867611,-0.9827542651625474
0.563060430690111,0.5035526888435755,0.08659045449842619,0.16993317823883797,-0.07926784599454458,-0.9822623496424122
0.5651889499168703,0.5024573482518955,0.07407130923377446,0.16314933033352474,-0.09913858384163282,-0.9816077817568472
0.5670821768176378,0.5011971532307422,0.06219063198992422,0.1557839837352203,-0.11213570488046998,-0.9814055910287778
0.568852873443681,0.49984586932661706,0.05077983809949266,0.1464846884998761,-0.12088807632901259,-0.9817985073509559
0.5704297304702142,0.49844386356614534,0.03964772852217615,0.1342055296429403,-0.12502992764617202,-0.9830342786526067
0.5718248373736716,0.49704975184889466,0.028800763412606747,0.12168632214337284,-0.12415405867779995,-0.9847731762781968
0.5730277800915213,0.49572402156331413,0.018091180220294288,0.10624566242348056,-0.1202001111414208,-0.9870480193474813
0.5740701162113547,0.49448925868220645,0.007601306661930988,0.08991047982745386,-0.1124219578021866,-0.9895844628030093
0.5749254289007827,0.49340603460021987,-0.002503092603999852,0.07663992478142252,-0.10213628683174351,-0.9918137430191829
0.5756292026689753,0.49246881136284687,-0.01205669896489095,0.0668516147891491,-0.0910037485006649,-0.9936041361422119
0.5762543609325789,0.4916828074994289,-0.021150997844200055,0.063249340469639,-0.08003280871651988,-0.9947835294470353
0.5768267750068918,0.4910171694390885,-0.029739282503336455,0.06293758824792556,-0.06834427913142244,-0.9956746052278026
0.5773787283798286,0.49048275016927445,-0.03772391406923649,0.07080387724218493,-0.05662749013355799,-0.9958815885077138
0.5779567542749782,0.49010163942616,-0.0450266813305433,0.08583147163934456,-0.04255385783094108,-0.9954004860657485
0.5785922199175936,0.48987481854976084,-0.051560128849171015,0.11293286523345969,-0.026225004966940635,-0.9932564709402326
0.5793382375497959,0.4898044780430147,-0.057300449323157754,0.15077051606513361,-0.004178246517595366,-0.9885599596086682
0.5801856146733572,0.48988748357430917,-0.0620601422699285,0.20758828658207845,0.02548891071940424,-0.9778841540306576
0.5811878084329221,0.4900942581254126,-0.06576840721770638,0.2875845880846414,0.06674089140160858,-0.9554270030259276
0.5822917130341759,0.4903883850393591,-0.068638860062625,0.4125358518097973,0.13102255466008464,-0.9014695009493722
0.5834633756942572,0.49077491739367324,-0.07059488051656762,0.5938112838220382,0.23150566045250487,-0.770579839071898
0.584606671250181,0.49123997943733194,-0.0716777354482943,0.8190972411753144,0.3638020990297915,-0.44354001199497955
0.585700970533364,0.4917531549101301,-0.07203794968802943,0.8866117493612017,0.4454112952579075,0.12461293653286033
0.5866667456199397,0.49229505929263584,-0.07173000003249808,0.7280498532169816,0.4101443533421025,0.5492950215069496
0.5874622159896427,0.49280792462512796,-0.07096434803702391,0.5543456397462782,0.36300879395832375,0.7489496159310137
0.5880673477347989,0.4932499888201303,-0.07004947726451666,0.38870614809611503,0.32683498333888406,0.8614443824752428
0.5884266355891388,0.4935978861225644,-0.06915944016976405,0.21319650334025922,0.3082392547616619,0.9271115427970155
0.5885464174170915,0.49385359583031446,-0.0683744232178449,-0.05523746075851141,0.3259067305026713,0.9437868540841259
0.5884582664848049,0.4940277383081157,-0.0678621826843975,-0.5621941153522233,0.3189807453975489,0.7630131458428191
0.5882132048332858,0.49411843575284975,-0.06761088469427597,-0.9890524323975729,0.14724674866560658,0.00967889331753009
0.5878430796032774,0.49414406795071236,-0.06763163501382385,-0.8695454480235855,-0.037234597214854746,-0.4924472546290716
0.587414010647957,0.49411492323477363,-0.06787346211894585,-0.7441107531663839,-0.12024435382938763,-0.657145708647869
0.5869762733065025,0.4940458395461969,-0.06825208135874616,-0.6860301870924551,-0.1521030358797989,-0.7114964854966183
0.5865243302503829,0.49395537779724646,-0.06871082312889534,-0.6740619057227842,-0.15109630379268293,-0.7230563285343389
0.5860733666005864,0.4938685768559296,-0.06919143340612742,-0.6931780734279291,-0.1309965697891769,-0.7087623418482486
0.585637779808732,0.4937990412027797,-0.06963781593173438,-0.7224447937884086,-0.09197011596455215,-0.6852846253181889
0.585219049491498,0.49375479394533067,-0.07003223596843558,-0.7513970209254472,-0.04653360495524548,-0.658207520888536
0.5848166143535604,0.4937350257223054,-0.07038020471258044,-0.772112988679685,-0.008311423042231373,-0.635430919108551
0.5844412280034357,0.4937308018098397,-0.07068826358650265,-0.7854883182332784,0.018747231281138928,-0.6185924694322971
0.5840824881784143,0.4937358019864728,-0.07096968587078367,-0.7971093480772621,0.04540564329746245,-0.6021254144815563
0.5837327132004174,0.49375899232751136,-0.0712242487108905,-0.8072939874783167,0.06150053346579902,-0.5869361993988627
0.5833735881891519,0.4937889919140838,-0.07147109391765535,-0.818874884293939,0.06231527938156828,-0.5705792931996263
0.5830244437300076,0.4938156543329018,-0.07170866270187984,-0.8218764222715483,0.03887902929800111,-0.5683375472331251
0.5826591820695498,0.49383000082053335,-0.07197125625989834,-0.8096593523684575,0.006994996500040857,-0.5868584183142082
0.5822614487414325,0.4938233630105498,-0.07228603161108646,-0.78269164025355,-0.023631476680547006,-0.6219608907215181
0.5817967701725295,0.49379083171569466,-0.07269438132629391,-0.7496292781795035,-0.05528030020032955,-0.6595453234659753
0.5812181108511906,0.49372513791182226,-0.07323698861948373,-0.7236840962602061,-0.08197812892559875,-0.6852451497076842
0.5805133247081128,0.4936273676400531,-0.07392112925850541,-0.7063920481033128,-0.101262146674158,-0.7005399717556081
0.5796853444173614,0.49350106298714697,-0.07474379497992079,-0.6967889289095318,-0.11234253375874116,-0.7084238446422972
0.5787161031240828,0.4933514236499967,-0.07571891473361839,-0.6935477339851299,-0.11607853800548831,-0.7109974076595498
0.5776000758774679,0.49317981272406736,-0.07684292965444703,-0.694662932740397,-0.11382361508641088,-0.7102729014436432
0.5763486776683852,0.49299110101538923,-0.07810072111482955,-0.699754359086137,-0.1072498628634396,-0.7062869840622316
0.5749947872818985,0.4927955171334349,-0.07946142115727359,-0.7062489495966643,-0.09747463967193894,-0.7012211604154812
0.5735689781712555,0.4926074793986226,-0.08088700717555095,-0.7113272759891033,-0.08702380416057244,-0.6974527682526926
0.5721103760657978,0.49243697761615246,-0.08233759536607729,-0.7132777014155142,-0.07695517998283198,-0.696643969999892
0.570636293931601,0.492276829338377,-0.08379394558382416,-0.7121494621012261,-0.06963334639557245,-0.6985659172180451
0.5691503749009296,0.49212129739967675,-0.08524981021430764,-0.7115049088929946,-0.06682245534913366,-0.6994966219234262
0.5676834938889107,0.49197390919356015,-0.08667624791653954,-0.7123694004967944,-0.0686700118624237,-0.6984370169934098
0.5662504558817322,0.4918311117109952,-0.0880560419596887,-0.7171138543836444,-0.07249516380206159,-0.6931754259033895
0.5648188642093714,0.49169385931451587,-0.08940697703868757,-0.726520809628489,-0.07368293820234677,-0.6831825069442529
0.5634023135720242,0.4915649011807594,-0.0907054478050649,-0.7389900673599549,-0.07062145009771469,-0.6700046948562565
0.562034681561257,0.49145095074734135,-0.0919157493781265,-0.7540264324872453,-0.06329802643110112,-0.6537870440445306
0.5607058488949863,0.4913556109709593,-0.09304343608476444,-0.7698438940201218,-0.052740248146382444,-0.6360494045790732
0.559399919493492,0.49128297244059504,-0.09411020592042718,-0.783881791318701,-0.0386846911031777,-0.6197038259630451
0.5581376346505944,0.4912333336064332,-0.09510844020497462,-0.7935501958245067,-0.021729114836035457,-0.6081167094196058
0.5569447710911754,0.4912041924409226,-0.09603069837568329,-0.7970545312037117,-0.004991113171191284,-0.6038867137774632
0.5558301354533962,0.4911925296812903,-0.09688788083175304,-0.7954579015195165,0.0073588674369221485,-0.6059641688913736
0.5547993775447992,0.49119178182278833,-0.09768165218307787,-0.7904436450062539,0.009608779394294394,-0.6124593990035415
0.5538368965866555,0.49119587130841835,-0.09842748479887227,-0.7856562257318095,0.0009956547653469762,-0.6186625119080972
0.5529030534160965,0.49119288494480967,-0.09914933882489349,-0.7847855685342953,-0.010656590426982188,-0.6196757607820194
0.551975392790833,0.4911793183491154,-0.09985953286970876,-0.7881177270650579,-0.01950157009623829,-0.6152155208133067
0.5510704903566038,0.49116293655356286,-0.10054618759281288,-0.7950799741772552,-0.022899723126748175,-0.606072138728562
0.5501755053195169,0.49114726697134936,-0.10121576195433803,-0.8039734244826147,-0.01953294972809023,-0.5943443417755545
0.5492841009222621,0.4911370059658421,-0.1018709859599911,-0.8136849613794401,-0.012470572252284255,-0.5811723225108362
0.5484152572650093,0.49113090358762096,-0.1024943762312596,-0.8219331785388254,-0.0029041315826240457,-0.5695765234249164
0.5475790563908788,0.49112899866106363,-0.10307716553723205,-0.8271745768925521,0.007971714674785977,-0.561888486363416
0.6314297131010997,-0.22351926511908093,0.2117655798514016,-0.5886750890416522,-0.8063416684702404,-0.057225459634955726
0.6314296915946643,-0.22351957050738097,0.21176585346243282,0.054624605878365644,-0.5681199060576899,0.8211308816343682
0.6314295153306507,-0.22351934656534644,0.21176570900619157,-0.8203779513786177,-0.5695791133188217,-0.050592989264987974
0.6314293688632776,-0.22351938432744806,0.21176528381560594,-0.33980361808742543,-0.0530873401522545,-0.9389969304796763
0.6314292192583878,-0.22351973792328736,0.21176513743327277,-0.19904744631332036,0.5135581279313259,-0.8346485268373852
0.63142905907373,-0.22351964897702437,0.2117645985119355,-0.3426619967796794,0.10172923523768548,-0.9339346436774463
0.6314286123318521,-0.2235198721946084,0.21176378999092269,-0.3832405661874003,-0.5318937091848348,-0.7551263143063942
0.6314271087607372,-0.22352204874516982,0.2117620419575007,-0.4489297303458181,-0.6058133204593336,-0.6568503010318776
0.6314274531817464,-0.22352222959058893,0.21176240551511408,-0.38347578543537725,-0.7602002054781145,-0.5244444389787664
0.6314299470775827,-0.22351912647169556,0.21176435036646887,0.54339369813319,0.7270538486270749,0.41966175668708966
0.6314327401836363,-0.2235152080129863,0.2117663470391372,0.5185606189043858,0.756020638863358,0.3994091613047206
0.631436139432703,-0.22351320824035117,0.21176954697359154,0.5965155783048389,0.6173916397408378,0.5128320660974345
0.6314371460841393,-0.22351669473593389,0.21177158566078583,0.665844657198973,0.24413014477682118,0.7050186982561741
0.6314335973399812,-0.2235237092432607,0.21176855455779542,-0.4379293023447053,-0.8055738518265088,-0.3990848223138558
0.6314266330408296,-0.22351543043281627,0.2117551651215812,-0.49356060819407616,0.323279162043652,-0.8073961291878032
0.6314187527184228,-0.2234945736481862,0.21173745777261088,-0.36828158703578506,0.6172701176701404,-0.6952310943002293
0.631404189190274,-0.22345799816035797,0.21170004931019296,-0.3005334555776644,0.6792455089668534,-0.6695559578010701
0.6313799049216098,-0.22341675377454656,0.21163736732019323,-0.2968435552060704,0.6281342327621738,-0.7192574569407645
0.6313604942631135,-0.2233807101319557,0.21155950466178486,-0.236123732827017,0.5736277533977593,-0.784344811500449
0.6313554554506473,-0.22335589830347483,0.2114953074068199,-0.07336546924352554,0.6047259956353755,-0.7930472735754667
0.6313712631086893,-0.22334848549973746,0.21145362463309753,0.7575151556168548,0.616107601637507,-0.2158291273559976
0.631417504837237,-0.22335365361606163,0.21147544356680584,0.5956646170636373,-0.03370387591065985,0.802525833058992
0.6315023996615281,-0.2233890717568346,0.21157831045309594,0.44577793779601976,-0.1514136876862009,0.882244821665502
0.6316455964169189,-0.22344845633325702,0.211890270082001,0.346381618965328,-0.13853736561196822,0.9278077238157991
0.6318572292723478,-0.22349092792267344,0.21263194832814894,0.26269757839776614,-0.06601946257709287,0.962616960615686
0.6321365102993552,-0.22350355951590936,0.21383818221314485,0.212328746655506,-0.008612868936699282,0.9771603357854746
0.6325001460447155,-0.22343736775615636,0.21567236474341805,0.17901028693851043,0.04219015199099999,0.9829421693289837
0.6329404781399164,-0.22326346223157376,0.21826639385856164,0.15232740221989252,0.07865895321130202,0.9851949713699525
0.6334283791308795,-0.22293702273010163,0.22181605968141374,0.1249899337653139,0.10186856896159127,0.9869145409380996
0.6339243612539105,-0.22242600923760397,0.22651270402951276,0.09721359833779904,0.11838783548739625,0.9881972660895324
0.634374770975547,-0.22171644420398057,0.23239359596028342,0.07112045129796614,0.1289195336005413,0.989101428198035
0.6347456169535244,-0.22083590516350943,0.2393724386592375,0.04800134846043466,0.1356655924461283,0.9895911870930445
0.635019181505744,-0.21968311246416522,0.2476249041184498,0.026522101078141413,0.14544547507104957,0.989010713761867
0.6351984927900729,-0.21815395905034712,0.2571472529400455,0.009592078024711846,0.16140209456864166,0.9868421129583106
0.6352745878572987,-0.21624786452908085,0.2676251681119215,-0.0027341633411974114,0.18139498675051552,0.9834065197732847
0.635238387945898,-0.21400572038788568,0.2786786139427689,-0.011732179372328852,0.20383335036992548,0.9789352998253493
0.6351042226879251,-0.21147904149561103,0.29012528336182797,-0.01749572588745426,0.22760522204941733,0.9735963036451538
0.6348906442634222,-0.20855176192358807,0.3020528189329511,-0.02135717104793255,0.25512111484234534,0.966673206417985
0.6346028735185764,-0.2051777924806414,0.31432353407986846,-0.024310569807342277,0.28544289772697384,0.9580873385724658
0.6342209816828761,-0.20116000418625635,0.3270477564478872,-0.027986577624579845,0.3191648984144832,0.9472858697842674
0.6337720737916288,-0.19658416488094335,0.33998366175843675,-0.0339238848030305,0.350699869454103,0.935873266850136
0.6332268949726421,-0.19140427448240616,0.35320445643206133,-0.04205158125419513,0.37964179030138134,0.9241773507129375
0.632487821552395,-0.18544506485307888,0.3669274365511679,-0.05371919154698265,0.4088055767814363,0.9110391039093415
0.6315398168369333,-0.17876494878991983,0.38106129998488125,-0.06669571068527434,0.4364231236841388,0.8972661474111039
0.6303313924226884,-0.17144140248060277,0.39543344738498254,-0.08042363585440004,0.4624169509887173,0.883007702250811
0.6288773561660331,-0.16360739771355573,0.4098736929196264,-0.09363484226859063,0.48609698311257515,0.8688741216782722
0.6271296689511495,-0.1551389630441646,0.4245651422991704,-0.10865942036119018,0.5106210568229544,0.852912226841531
0.6251281514744992,-0.14619635744257334,0.4392335557448357,-0.12557293517422635,0.5334868825851642,0.8364348056252159
0.6228178889887561,-0.13680856298355937,0.4536380456608218,-0.1438027880078253,0.5552009801779243,0.8191902280732165
0.6202098127351094,-0.1271081096454673,0.46760008406643383,-0.1611579790654676,0.5746161118309856,0.8023991711160815
0.617277325816388,-0.1170597103607144,0.48121445033587273,-0.1786782398841259,0.5950950536475702,0.7835406586234732
0.6140771472287578,-0.10667127424974142,0.4944651179618377,-0.19494736357705858,0.6166634495027267,0.7627068345581756
0.6105850441824239,-0.09585195600101443,0.5073294749791947,-0.2096200148120311,0.6396562121009768,0.7395264563968174
0.60689608630741,-0.08469764326967362,0.5197953157826275,-0.2227218836178015,0.6644502275798918,0.7133728741876639
0.6030294665658876,-0.07308046453967161,0.5316289292016533,-0.23150993729735625,0.6926706262288931,0.6830889784590638
0.5989973522511648,-0.0607835583262924,0.5430099505280795,-0.23766313359637134,0.7253585681060399,0.6460427095821983
0.5948818241192934,-0.04797076513828968,0.5537888295879742,-0.24108000885699488,0.7593894931457231,0.6043244385505131
0.5908110404708349,-0.034780923968616824,0.5636982411125782,-0.24111859666017835,0.794330480967071,0.5575848898161141
0.5868616508815755,-0.021334304874922064,0.572613447369623,-0.23689083080743353,0.828508304455639,0.5074019350844121
0.5830648927353839,-0.007559158075234837,0.580481915832889,-0.2299229926693211,0.8613102800537528,0.4530783805432669
0.5794049336499068,0.006634489837451466,0.5873805073065639,-0.2210676031626512,0.891445491934454,0.39554272808592966
0.5758989887487204,0.021225599958182368,0.5932777235362335,-0.21244253117191306,0.9172537097654235,0.33691809519650157
0.572496497533459,0.03632168257247746,0.5982941867498976,-0.2050877100812613,0.938250017706821,0.2786143130687557
0.5691234642721725,0.05196461454934621,0.6024195590015546,-0.2015126215259617,0.9539802268095215,0.22206843589800948
0.5656466568785449,0.06823199714574181,0.6057066924784195,-0.2024162376196125,0.9646210146594475,0.16891999533891378
0.5620983115124942,0.0847712258029031,0.6081853031915229,-0.2082739025915506,0.9702091467681687,0.12375860788917728
0.5583703843597911,0.10153124911799356,0.6099920826917932,-0.2178261909868211,0.9724138905578091,0.08344444840969593
0.5544834689648306,0.11817755423703818,0.6111325199468097,-0.23154551793885622,0.9714614201299991,0.05147215093069402
0.5502656598884853,0.1350628906678054,0.6117780118449524,-0.24908208948898733,0.9683091801406083,0.018315139945494135
0.5457999448876641,0.15179427956113173,0.6118937653448647,-0.26702475635973916,0.9635714134934084,-0.015096707897323472
0.541225150896098,0.16789940092721922,0.6114175759472732,-0.2831489238945052,0.9578961238815158,-0.047557362733350275
0.5365812206812232,0.18350572765921477,0.6103034428817166,-0.29542191820666086,0.9515463060921142,-0.0853552435738394
0.5319853360473029,0.1983911435266615,0.608544815639578,-0.3018557736727199,0.9446117700562611,-0.12880875657974877
0.5275197459862806,0.2125321860022256,0.6062094371008773,-0.30129533921921536,0.936714583678851,-0.17828883108073482
0.5232492662518772,0.2259816625253484,0.6031693735665513,-0.29347253573112014,0.9262493108785229,-0.23650810740566144
0.5192528185832581,0.23873126747792583,0.5994457770003546,-0.2799715481845059,0.9118357773662835,-0.30028560958193806
0.5155522282483656,0.25097871614065626,0.5948275319479777,-0.26193676804767685,0.8909863722582362,-0.37085362880096684
0.5120986761122837,0.2628739630941211,0.5892973544523318,-0.24241676307581278,0.8628918588452809,-0.4434543414133873
0.5089363218631078,0.2742597427301271,0.5829821694513253,-0.22351838121602144,0.8298537894583514,-0.5112555343271928
0.5060431213479798,0.28505033400681307,0.5758683349435884,-0.20920073878347908,0.7953283914044365,-0.5689356736209094
0.5033575535273764,0.29527125599563275,0.5681433721438449,-0.20013556705509356,0.7626115585038179,-0.6151173592379866
0.5007728138498666,0.3049933896394108,0.5598964321545946,-0.19647915163656746,0.7328809407617762,-0.6513689197684434
0.4980958874907055,0.3145751129993947,0.5509815085930461,-0.19719008600246746,0.701661281268935,-0.684680594401781
0.49535950699662357,0.3238489865338976,0.5415661696559337,-0.20259023347217164,0.672424418898651,-0.7119006940370983
0.4924795348680379,0.3329151178919192,0.5315633706451655,-0.21100190023865614,0.645456126220002,-0.7340739657696252
0.4894776102700119,0.34172115449043916,0.5213008209358576,-0.22073384030708335,0.6202168895272013,-0.7527334067838962
0.4863651158654044,0.35019632939875667,0.5107067654895252,-0.22912786809175284,0.5965816073606467,-0.7691494040969644
0.4831886791513512,0.3582875337381693,0.4998686913540462,-0.23372397543316914,0.5734235453470051,-0.7852124177249022
0.4799803377602546,0.36602806955091355,0.4888465323312854,-0.23339373034820976,0.5492768097049398,-0.8023854142209407
0.47687151997314364,0.373341845979905,0.47763639150121284,-0.2252600968736112,0.5238107648808872,-0.8215109076277632
0.47393470961866646,0.3802641853891771,0.4662021352177429,-0.21058261474096102,0.493872083802546,-0.843650002791081
0.4712700089213091,0.3866592279266094,0.4547780872836228,-0.18892146433188592,0.4618356711417063,-0.8666120776770802
0.46899430816216364,0.39240606556041696,0.44354240553089785,-0.16204706993764337,0.43043340235994576,-0.8879571122849714
0.467152339118269,0.39756566948943417,0.43251165176851647,-0.12924121815251813,0.39936931537599185,-0.9076347599483864
0.4658433826280897,0.4021680039476949,0.4217149208453196,-0.09161881820671056,0.3749075075815454,-0.9225239037062395
0.46506675244012763,0.40647160958020967,0.41092634528038374,-0.04932745335338693,0.359054154588358,-0.9320122941348514
0.46476819895730764,0.4106358891909795,0.4001876331468557,-0.005277733385902174,0.3522550249864204,-0.9358891723393983
0.46493727201869633,0.4146197864385472,0.3897594526209349,0.03553541645105065,0.35399268915744775,-0.9345728490603228
0.4654792847814846,0.4186366392165039,0.37936822171397644,0.07153373968801549,0.3610338142926271,-0.929805091953988
0.4663522316837596,0.4226119044367877,0.3692766047146451,0.09525304174855152,0.37348537622095135,-0.9227326437201316
0.4674382249784602,0.4268059028966604,0.359045606255746,0.11207063739164212,0.38532237364410626,-0.915951330914423
0.46869335347924734,0.4311598531917556,0.3487536106450121,0.12126645872645514,0.395187414162837,-0.9105610104079986
0.47009845227736385,0.435638471201432,0.3383921506998102,0.1259958747635658,0.39985136480061967,-0.9078788055735444
0.47162702580509486,0.4402559322765907,0.32780992561808897,0.12852790028679587,0.3994676174609818,-0.9076927902368258
0.4731848807426148,0.444847992265824,0.3172404822119145,0.1295346379136681,0.3954827014675742,-0.9092932477592058
0.4747781527456406,0.44944730473698474,0.30654785175818877,0.13248135945880513,0.38623686255282313,-0.9128361163983919
0.4763727983569625,0.45392392919103886,0.29589110724904544,0.1373024710255902,0.37512152709069324,-0.9167507138603237
0.4780484376364921,0.4582269620178188,0.2852120188090965,0.14548705869081535,0.36270843969690536,-0.9204760200712083
0.4798212308684973,0.462433987343875,0.2742738542980673,0.15454936378267023,0.3479067451682468,-0.9247028662336937
0.48164027912738777,0.46650092557903206,0.26316763974488605,0.15953909459984592,0.33138744113827606,-0.929908404709887
0.4835242702508308,0.47034637550707564,0.2520100458829002,0.16098840636567352,0.31204237739285806,-0.9363291556535307
0.48539243803513,0.47393244934156104,0.2409521700859519,0.15759568475726313,0.2946448869568859,-0.9425221433664321
0.48722166992769655,0.4773503720593445,0.22969032172361262,0.15221665098238904,0.2769570597795994,-0.9487491123589761
0.48902277635131647,0.48056534394456146,0.21837545886354726,0.14747804801250006,0.25970922285487946,-0.9543591278541518
0.4908079576774961,0.48363481174006556,0.20662640281435105,0.14210014886838085,0.23989426791248672,-0.9603427970856635
0.4925464615332732,0.48648371033634835,0.1944856223396413,0.13610409786638528,0.21695242070854928,-0.9666474650526313
0.4942296398350239,0.4890840722662773,0.18202263299279192,0.12857929698290416,0.1931294310570604,-0.9727118726770834
0.49585477422555885,0.491407753358047,0.1692475147989643,0.12221079516565281,0.16724555233725025,-0.9783115284858842
0.4974390006367685,0.4934232948186584,0.15630915558842506,0.12041958277122798,0.14212350288086942,-0.9824968366432916
0.49910995668304703,0.495162295001014,0.14298790325893926,0.12385562360417421,0.1149707055433544,-0.9856173300873339
0.500892795295533,0.4965596527186629,0.12954646854117016,0.1330809079266824,0.08929061831110457,-0.9870747982939442
0.5028522535769675,0.4976064762725113,0.11621252201341582,0.14591422471763343,0.06508790530685875,-0.9871537892384434
0.5050016501649086,0.49833730093301726,0.10300101937269783,0.16502573950509727,0.041149570010283035,-0.9854304735438033
0.5073788422233418,0.4987570202294421,0.09002470418607292,0.19180332816165577,0.01915009027956026,-0.9812465324006995
0.5100463858647866,0.49889370540595174,0.07747516258675807,0.2227986355861251,-0.0011304849871844405,-0.9748638315091266
0.5129539423148881,0.4987632158309634,0.06555489902974022,0.256239535805286,-0.019457218094775866,-0.966417465153804
0.5160794628780028,0.49843000639656654,0.05421980462070966,0.28691764741014336,-0.03592317381961006,-0.957281457664022
0.5194059144297085,0.497927772964948,0.043345176687108126,0.3078211292631318,-0.051023441365722635,-0.9500751342974769
0.5227738610975972,0.49733024123731145,0.03288748016302812,0.32094830061214485,-0.06434635797303867,-0.9449083207114761
0.5261222420346507,0.49663610448235396,0.023032227649956362,0.32871077267966525,-0.07330624643030179,-0.9415813412332666
0.5293917811793649,0.4958924543261008,0.01382219975612916,0.33346822782264446,-0.07931933975020987,-0.9394186411682577
0.5325728699903166,0.4951122613688011,0.005094323420435594,0.3362814724890887,-0.08317279823138433,-0.9380815832831021
0.5356368495654652,0.49433748525701265,-0.0031463418039500493,0.33825437503661554,-0.08746116080317921,-0.9369816023378201
0.538572818920405,0.4935687565576396,-0.01100825975200738,0.3420259437245462,-0.09238071178272043,-0.9351385233802806
0.541299600539579,0.4928210128527939,-0.018450462453898628,0.3422939084818881,-0.09768388814539927,-0.9345013313061624
0.5437295279212588,0.4920770127287215,-0.025432678700163275,0.3296682498797801,-0.09926457763553888,-0.9388638818529771
0.5458930592085384,0.4913702106156665,-0.0321422128672956,0.30730346070809395,-0.09975292604882027,-0.9463688164671994
0.5477412770694546,0.4907005316327534,-0.03870851673314074,0.26834809017352956,-0.10094365980465905,-0.9580186219721726
0.549272843774905,0.4900608871594065,-0.04504720298809718,0.21711709937338,-0.09909802240206146,-0.9711023360674663
0.5504701482678813,0.48943874684243766,-0.05123209506472316,0.15921209142756712,-0.09568364246641116,-0.9825966367272078
0.5513352750177092,0.4888634884243597,-0.05724736554033444,0.10603152219421154,-0.08957475359135271,-0.990319988599759
0.5519901170733492,0.488328005026661,-0.06319033538807914,0.07073921193972782,-0.08268926713851198,-0.994061592153244
0.5524600510082438,0.48787211755711174,-0.06878842434838081,0.061870426094187074,-0.07683982112230471,-0.9951219484388916
0.5529086673926766,0.4874901940187391,-0.07394743897162119,0.07840189766068761,-0.07099632036676068,-0.9943905997833966
0.5534339619803472,0.48717750233718954,-0.07858960010003398,0.12474956655962512,-0.06393935876958172,-0.990125903127133
0.5540667885277366,0.48691873453974055,-0.08269960417567661,0.19543532792517518,-0.055543283416847125,-0.9791424698510708
0.5548532407200952,0.48673271418242936,-0.0861785606573081,0.2881363832906276,-0.04187246089612751,-0.9566734665719012
0.5557892765628396,0.4866365066415212,-0.0890420882577404,0.38791277826638376,-0.01842220826363969,-0.9215119634059813
0.5568204607911649,0.48664716077957,-0.0913574054254152,0.49036942559776686,0.022535235961689055,-0.8712232719452959
0.5578822605697503,0.48678018692698416,-0.0931377233466158,0.5938529923502592,0.09289513539437798,-0.7991927910690281
0.558915609301368,0.48705478445359385,-0.09436847404662319,0.6733688656200253,0.21053899085136654,-0.708694365819913
0.5598055277101842,0.487458461839674,-0.09517168126376771,0.727652236659066,0.40212934560595665,-0.55571054685653
0.5605362327213027,0.48796909744718403,-0.09559055734394933,0.6904592937612615,0.6527471039668017,-0.3117485876818905
0.5610505731266744,0.488542369522041,-0.09570107513143639,0.5299634708727811,0.8478205792903882,-0.018411541819888633
0.5613690904249851,0.48914574553809814,-0.09563803561862763,0.31774618330529397,0.920543012164061,0.22723979790264753
0.5615288983133445,0.4897229718423925,-0.09549624321460795,0.08235970199191289,0.914228113464054,0.39674152295891596
0.5615269814717977,0.4902438034241986,-0.09530303204259116,-0.14248387213231706,0.8655689004754922,0.4800925168254853
0.5613867282819108,0.4906782569138297,-0.09510006267250576,-0.44935066138938823,0.7887539365524,0.4194653867508163
0.5611331802559069,0.49099669522837214,-0.09496793737365414,-0.8256806498742113,0.5511962785107326,0.12014211159796921
0.5607623780448188,0.49118371466264704,-0.09495764981850885,-0.9392462117036956,0.1984081511290576,-0.2800906270581106
0.5603304402764656,0.49125869976302855,-0.09509238820111657,-0.8690752923110792,-0.025209958519245228,-0.4940370373624536
0.5598560022171221,0.4912435969302361,-0.09535366395605946,-0.8065156740566582,-0.11349157571089016,-0.5802173125162619
0.5593764546066786,0.49116973549666915,-0.09569822092602606,-0.7813161125332422,-0.13878545018468372,-0.6085094338734417
0.5589100214120143,0.49107009202134494,-0.09607044824364358,-0.778903159553892,-0.135291866227667,-0.6123773174845711
0.5584628138436477,0.49097792795154477,-0.09643147680500394,-0.7850145066300038,-0.12740210747746417,-0.606235043024364
0.5580505919469309,0.49090452648226685,-0.09675292725915,-0.7916270951555222,-0.12355711112134486,-0.5983813019362966
0.5576985738606202,0.4908475524555037,-0.09701573134274072,-0.7974590287250012,-0.12188458586557677,-0.5909342139640881
0.5574182162515164,0.4908057440204499,-0.09722139750970854,-0.8040164087645852,-0.12790362814243528,-0.5806877614908905
0.5572022406837861,0.49076969683791344,-0.09737845626362013,-0.8116016589180378,-0.14109649002152247,-0.5669166850120884
0.5570451002781177,0.49073864141743606,-0.09749103156556657,-0.8223409564508792,-0.1579873361537146,-0.5466217640732084
0.5569324842258535,0.4907129887549053,-0.0975667453636671,-0.8435632007732309,-0.14165385744602269,-0.518010917811472
0.5568114339439437,0.4906974961227873,-0.09763960479629802,-0.8668434457277939,-0.07651395710340715,-0.4926743904112971
0.5566444588695729,0.4906936655017436,-0.09773133823799557,-0.8740114158434333,-0.004072502751726419,-0.4858883201896237
0.5563813596573113,0.4907015146574052,-0.09787513630205871,-0.8711231115431545,0.02912355917745241,-0.49020030889036614
0.556006417117524,0.49072262705873515,-0.09808551655596612,-0.8671017924812506,0.045331099416277686,-0.4960640814466552
0.5555153504095866,0.4907578752350999,-0.09836937399744974,-0.8636844302868285,0.05611364849577554,-0.5008996539553697
0.5549019227126077,0.4908000282554197,-0.09873422282862468,-0.859696931757464,0.0599821131803791,-0.5072704718640919
0.5541906076281551,0.49084247689496624,-0.09916618989161174,-0.855648515303323,0.05790286946872871,-0.5143081527319068
0.5533515624221019,0.49088849894725856,-0.09967892983158547,-0.8523267401613943,0.05161427986203287,-0.5204566207861853
0.5523990823972916,0.4909327110545184,-0.10026341984445836,-0.8497392153051945,0.04098391125321606,-0.5256078243242778
0.5513425853166009,0.4909744843642902,-0.10091396721591209,-0.8479313913109159,0.029374995998497043,-0.5292914747467815
0.5502101510987242,0.4910155211238557,-0.10160941818358907,-0.8487740738969686,0.02175735350344813,-0.5283078544266301
0.5490571266797357,0.49105240615436724,-0.10231457016243509,-0.8517703148840815,0.019056276687401234,-0.5235687051391495
0.5479362962189852,0.49108437223452067,-0.1029960550109239,-0.855816479883707,0.019577164573234395,-0.5169089739854911
